Unnamed: 0,brand,model,price,engine,year,mileage,fuel,gearbox,location,car_age,price_per_km,brand_classification,log_price,log_mileage
0,SEAT,Ibiza,8990,SC 1.2 TSI 90cv Style,2016,67000,Gasolina,Manual,Granollers,9,0.13417910447761194,economy,9.103979355984773,11.112462823634855
1,Hyundai,i30,9990,1.6 CRDi 110cv Tecno,2014,104868,Diésel,Manual,Viladecans,11,0.09526261585993821,economy,9.209439966733019,11.560467231167463
2,BMW,Serie 5,13490,530d Touring,2011,137566,Diésel,Automatica,Viladecans,14,0.09806202113894422,luxury,9.509778075438817,11.831866350137231
3,Volkswagen,Golf,24990,GTI 2.0 TSI 169kW (230CV),2018,44495,Gasolina,Manual,Viladecans,7,0.5616361388920104,economy,10.126271039034782,10.703154576473747
4,Opel,Corsa,10460,1.4 Expression 90 CV,2016,69800,Gasolina,Manual,Sabadell 1,9,0.1498567335243553,economy,9.25540933534376,11.153403615295403
5,SEAT,Ibiza,8490,SC 1.2 TSI 105cv FR,2014,114295,Gasolina,Manual,Granollers,11,0.07428146463099873,economy,9.046762057999363,11.646546853544994
7,Kia,Sportage,14990,1.6 GDi 97kW (132CV) Basic 4x2,2017,81999,Gasolina,Manual,Gavá,8,0.18280710740374884,economy,9.615205300012315,11.31447452624639
9,SEAT,Leon,21990,1.5 eTSI 110kW DSG-7 S&S Xcellence Go M,2020,18999,Híbrido,Automatica,Gavá,5,1.1574293383862309,economy,9.998388557730847,9.852194258148577
12,BMW,Serie 1,25490,118i,2019,27985,Gasolina,Automatica,Mataró,6,0.9108450955869216,luxury,10.14608072767165,10.239459664115659
13,SEAT,Leon,23990,2.0 TSI 221kW (300CV) DSG-6 St&Sp CUPRA,2018,40250,Gasolina,Automatica,Mataró,7,0.5960248447204969,economy,10.085434038999999,10.602890127258581
14,Ford,Focus,14490,1.0 Ecoboost 92kW ST-Line,2019,99958,Gasolina,Manual,Mataró,6,0.14496088357109987,economy,9.581283046045924,11.512515380897247
16,Toyota,C-HR,17990,1.8 125H Advance,2018,66000,Híbrido,Automatica,Mataró,7,0.2725757575757576,economy,9.79762691183662,11.097425172408931
17,Toyota,Yaris,12990,1.5 110 Active Tech,2019,26073,Gasolina,Manual,Mataró,6,0.49821654585203085,economy,9.472012088995733,10.168693928222723
18,Hyundai,i30,13490,1.0 TGDI Link Fastback,2018,69317,Gasolina,Manual,Mataró,7,0.19461315406033153,economy,9.509778075438817,11.146459891711073
19,Volkswagen,Touran,18490,Edition 1.6 TDI CR 115CV BMT,2016,46993,Diésel,Manual,Sabadell 2,9,0.3934628561700679,economy,9.825039406206987,10.75777521296855
20,BMW,Serie 3,15990,320d Gran Turismo,2014,118200,Diésel,Manual,Sabadell 2,11,0.1352791878172589,luxury,9.679781342959442,11.680141844155234
21,SEAT,Ibiza,10490,1.0 EcoTSI 95cv Style Connect,2016,99898,Gasolina,Manual,Mataró,9,0.10500710724939438,economy,9.258273025731485,11.511914954576534
22,Peugeot,208,10460,5P STYLE 1.6 BlueHDi 100,2016,109252,Diésel,Manual,Sabadell 1,9,0.09574195438069784,economy,9.25540933534376,11.601421572535052
24,SEAT,Ibiza,16820,1.0 EcoTSI 85kW (115CV) FR Plus,2018,19800,Gasolina,Manual,Sabadell 1,7,0.8494949494949495,economy,9.730383384791782,9.893487720457793
25,Toyota,Rav4,9950,2.2 D-4D Advance 4x2,2011,192000,Diésel,Manual,Sabadell 1,14,0.05182291666666667,economy,9.205428327615161,12.165255859329688
27,BMW,Serie 3,11380,318d Touring,2014,194000,Diésel,Manual,Sabadell 1,11,0.05865979381443299,luxury,9.339700577281889,12.175618592671356
28,Peugeot,3008,9990,Access 1.6 HDI 111 FAP,2012,99738,Diésel,Manual,Esplugas,13,0.10016242555495398,economy,9.209439966733019,11.510312052982076
29,Renault,Clio,12990,Business TCe 55kW (75CV) -18,2019,24506,Gasolina,Manual,Esplugas,6,0.53007426752632,economy,9.472012088995733,10.106714070009978
31,Toyota,Verso,10490,1.6D 115D Business 5pl.,2016,178807,Diésel,Manual,Esplugas,9,0.05866660701202973,economy,9.258273025731485,12.094067883449931
33,Ford,Tourneo Courier,12990,1.0 EcoBoost 100cv Ambiente,2016,96652,Gasolina,Manual,Esplugas,9,0.13439970202375534,economy,9.472012088995733,11.478882523989205
34,Peugeot,2008,12990,Active 1.2L PureTech 110 S&S,2016,83400,Gasolina,Manual,Sabadell 2,9,0.15575539568345323,economy,9.472012088995733,11.331415578682627
35,Ford,Transit Connect,12490,Van 1.6 TDCi 115cv Base 200 L1,2014,126400,Diésel,Manual,Sabadell 2,11,0.0988132911392405,economy,9.43276366396591,11.747214672056003
36,Opel,Grandland X,17990,1.2 Turbo Ultimate,2019,42368,Gasolina,Manual,Gavá,6,0.424612915407855,economy,9.79762691183662,10.654172241737173
37,BMW,Serie 4,57990,M4 COMPETITION,2018,28999,Gasolina,Automatica,Gavá,7,1.9997241284182212,luxury,10.968043105074278,10.275051108968611
38,Audi,A4,16490,2.0 TDI 150CV multitronic S line edition,2015,123253,Diésel,Automatica,Gavá,10,0.1337898469002783,luxury,9.71057005652877,11.72200254573936
39,Volkswagen,Transporter,17990,Kombi PRO Corto TM 2.0 TDI BMT 114CV,2015,122500,Diésel,Manual,Sabadell 2,10,0.14685714285714285,economy,9.79762691183662,11.715874472198905
40,Volkswagen,Golf,18990,Advance 1.4 TSI 92kW (125CV) DSG,2018,39245,Gasolina,Automatica,Gavá,7,0.4838832972353166,economy,9.851720461714244,10.577604807189267
41,Peugeot,Partner,12990,TEPEE Access BlueHDi 1.6 HDi 100,2015,117417,Diésel,Manual,Gavá,10,0.1106313395845576,economy,9.472012088995733,11.673495496599669
43,SEAT,Ibiza,12990,1.0 MPI 59kW (80CV) Style,2019,16000,Gasolina,Manual,Gavá,6,0.811875,economy,9.472012088995733,9.680406499268875
44,Opel,Mokka X,17490,1.4 T 103kW 4X2 S&S Innovation,2019,56900,Gasolina,Manual,Hospitalet,6,0.3073813708260105,economy,9.769441741907062,10.949068194652432
47,Volkswagen,Golf,17490,Sport 1.0 TSI 85kW (115CV) Variant,2019,77900,Gasolina,Manual,Hospitalet,6,0.2245186136071887,economy,9.769441741907062,11.263194068746921
48,Volkswagen,Touran,13490,1.6 TDI 105cv DSG Edition,2013,99990,Diésel,Automatica,Esplugas,12,0.1349134913491349,economy,9.509778075438817,11.512835460919986
49,Opel,Crossland X,15490,1.2 96kW (130CV) Innovation S/S,2019,67100,Gasolina,Manual,Hospitalet,6,0.230849478390462,economy,9.648014489106362,11.113954225978379
52,Kia,Ceed Tourer,18960,Tourer 1.0 T-GDi 88kW (120CV) GT Line,2019,32360,Gasolina,Manual,Sabadell 1,6,0.5859085290482077,economy,9.850139517034203,10.384709273043539
54,BMW,Serie 2 Active Tourer,14970,216d,2016,160000,Diésel,Manual,Sabadell 1,9,0.0935625,luxury,9.613870275449836,11.982935344196433
55,SEAT,Ibiza,10570,1.0 EcoTSI 95cv Reference,2016,86528,Gasolina,Manual,Sabadell 1,9,0.12215698964497042,economy,9.265869681768663,11.368234896848463
57,SEAT,Ibiza,12990,1.0 EcoTSI 70kW (95CV) Style,2017,42700,Gasolina,Manual,Mataró,8,0.3042154566744731,economy,9.472012088995733,10.661977618146237
59,SEAT,Leon,11490,1.6 TDI 66kW (90CV) Reference,2017,128000,Diésel,Manual,Hospitalet,8,0.089765625,economy,9.349319399257633,11.759793355371237
60,Opel,Astra,15490,1.2T SHL 81kW (110CV) Astra,2020,7500,Gasolina,Manual,Hospitalet,5,2.0653333333333332,economy,9.648014489106362,8.922791623969635
61,SEAT,Leon,8990,1.2 TSI 105cv Style Copa,2012,146000,Gasolina,Manual,Hospitalet,13,0.06157534246575343,economy,9.103979355984773,11.891368749982085
64,Renault,Clio,8990,Dynamique Energy TCe 90 S&S eco2,2014,55315,Gasolina,Manual,Viladecans,11,0.16252372774111903,economy,9.103979355984773,10.92081747658455
65,SEAT,Toledo,12990,1.0 TSI 81kW St&Sp STYLE EDITION,2018,20253,Gasolina,Manual,Mataró,7,0.6413864612649978,economy,9.472012088995733,9.91610758389223
66,Toyota,Yaris,15990,1.5 100H Feel,2020,19700,Híbrido,Automatica,Badalona,5,0.8116751269035533,economy,9.679781342959442,9.888424674859081
67,Ford,S-Max,9990,2.0 TDCi 140cv DPF Trend,2012,100500,Diésel,Automatica,Badalona,13,0.09940298507462686,economy,9.209439966733019,11.51792295668052
69,Volkswagen,Tiguan,13990,T1 2.0 TDI 110CV BMT 4x2,2015,99265,Diésel,Manual,Badalona,10,0.14093587870850752,economy,9.546169544733285,11.50555839462466
70,Lexus,CT,18490,1.8 200h Business,2018,43909,Híbrido,Automatica,Esplugas,7,0.4210981803274955,luxury,9.825039406206987,10.689897363555763
71,BMW,X4,26990,xDrive30d,2017,187000,Diésel,Automatica,Sabadell 3,8,0.14433155080213902,luxury,10.203258756085228,12.138869243416007
72,BMW,Serie 3,18990,318d,2017,126000,Diésel,Automatica,Sabadell 3,8,0.15071428571428572,luxury,9.851720461714244,11.744045122410057
73,Audi,Q5,30490,2.0 TDI clean diesel 140kW quattro S tro,2017,122593,Diésel,Automatica,Sabadell 2,8,0.24870914326266588,luxury,10.32518683708304,11.716633361645554
74,Ford,Kuga,14490,1.5 TDCi 120 4x2 A-S-S Titanium,2016,81320,Diésel,Manual,Sabadell 2,9,0.17818494835218887,economy,9.581283046045924,11.30615956476456
75,Ford,Kuga,16490,1.5 TDCi 88kW 4x2 A-S-S Trend,2017,42900,Diésel,Manual,Sabadell 2,8,0.3843822843822844,economy,9.71057005652877,10.666650414667744
76,Ford,Fiesta,13490,1.0 EcoBoost 103kW(140CV) ST-Line S/S 5p,2019,38950,Gasolina,Manual,Sabadell 2,6,0.3463414634146341,economy,9.509778075438817,10.570059724910275
79,Renault,Captur,14790,Life TCe 66kW (90CV),2019,23500,Gasolina,Manual,Granollers,6,0.6293617021276596,economy,9.601774166671369,10.064798252418377
80,SEAT,Ibiza,10490,1.2 TSI 66kW (90CV) Style,2017,95500,Gasolina,Manual,Sabadell 2,8,0.10984293193717277,economy,9.258273025731485,11.466891997618188
81,SEAT,Leon,22990,2.0 TSI 221kW (300CV) DSG-6 St&Sp CUPRA,2017,64100,Gasolina,Manual,Sabadell 2,8,0.35865834633385335,economy,10.042858113983936,11.068215243411098
82,BMW,X1,20990,sDrive18d Pack M,2016,116387,Diésel,Automatica,Mataró,9,0.1803466022837602,luxury,9.951849053414007,11.664684716181542
83,Toyota,C-HR,16990,1.8 125H Dynamic Plus,2017,99658,Híbrido,Automatica,Mataró,8,0.17048305203796985,economy,9.740439071085758,11.509509637669058
84,Kia,Sportage,21990,1.6 T-GDi 130kW GT Line Plus DCT 4x4,2018,23400,Gasolina,Automatica,Badalona,7,0.9397435897435897,economy,9.998388557730847,10.060534035475412
86,Renault,Clio,9490,Zen Energy dCi 66kW (90CV),2016,130300,Diésel,Manual,Granollers,9,0.072831926323868,economy,9.158099260130491,11.77760243768057
87,Renault,Espace,18990,Zen Energy dCi 118kW (160CV) TT EDC,2017,105000,Diésel,Automatica,Granollers,8,0.18085714285714286,economy,9.851720461714244,11.561725152903833
88,Opel,Mokka X,16990,1.4 T 103kW 4X4 S&S Innovation,2019,53405,Gasolina,Manual,Gavá,6,0.3181350060855725,economy,9.740439071085758,10.885678378186986
89,Kia,Optima,19990,1.7 CRDi VGT 141CV Emotion Eco-Dynamics,2016,88884,Diésel,Automatica,Gavá,9,0.22489986949282212,economy,9.903037451255743,11.395098678356785
90,Opel,Astra,12990,1.6 CDTi 81kW (110CV) Dynamic,2017,66515,Diésel,Manual,Gavá,8,0.19529429452003308,economy,9.472012088995733,11.105197799207804
91,Audi,Q3,22990,Sport edition 2.0 TDI 88kW (120CV),2018,57425,Diésel,Manual,Gavá,7,0.40034828036569436,luxury,10.042858113983936,10.95825244142396
92,Peugeot,3008,18990,1.2 PURETECH 96KW (130CV) ALLURE S&S,2018,106350,Gasolina,Manual,Gavá,7,0.17856135401974613,economy,9.851720461714244,11.57450022349908
93,Audi,A1,15990,Sportback 1.0 TFSI 95CVSLine Adrenalin,2016,37308,Gasolina,Manual,Viladecans,9,0.42859440334512705,luxury,9.679781342959442,10.526989863390185
95,Volkswagen,Polo,9990,Advance 1.0 75CV BMT,2015,46347,Gasolina,Manual,Viladecans,10,0.21554793190497767,economy,9.209439966733019,10.743933420116953
98,Audi,A4,18490,Avant 2.0 TDI 150CV S tronic,2016,118173,Diésel,Automatica,Viladecans,9,0.1564655208888663,luxury,9.825039406206987,11.679913393598978
101,SEAT,Ibiza,9490,1.6 TDI 90cv Reference,2013,94500,Diésel,Manual,Mataró,12,0.10042328042328043,economy,9.158099260130491,11.456365695436427
102,SEAT,Arona,15770,1.0 TSI 70kW (95CV) Style Edition Eco,2019,44158,Gasolina,Manual,Sabadell 1,6,0.35712668146202275,economy,9.665928089487558,10.69555203576704
104,Toyota,Yaris,10260,1.3 100 Active,2016,77977,Gasolina,Manual,Sabadell 1,9,0.13157725996127062,economy,9.236105579862208,11.264182014605733
105,Toyota,Verso,10370,115D Advance 5pl.,2015,129460,Diésel,Manual,Sabadell 1,10,0.08010196199598331,economy,9.246768728589734,11.771134956463303
106,Opel,Corsa,10120,1.4 Selective 66kW (90CV),2018,25200,Gasolina,Manual,Sabadell 1,7,0.4015873015873016,economy,9.222367752188902,10.134638955251866
107,Ford,Focus,16990,1.0 Ecoboost 92kW Titanium,2020,34100,Gasolina,Manual,Sabadell 3,5,0.49824046920821113,economy,9.740439071085758,10.43708198835482
108,Audi,A7,20990,Sportback 3.0 TDI 245 quattro S tronic,2014,216107,Diésel,Automatica,Sabadell 3,11,0.09712781168587784,luxury,9.951849053414007,12.283533561707953
109,Ford,Focus,12490,1.5 TDCi E6 88kW (120CV) Trend+,2017,102000,Diésel,Manual,Sabadell 3,8,0.12245098039215686,economy,9.43276366396591,11.532737896139919
110,Hyundai,i20,13290,1.0 TGDI 74kW(100CV) Tecno DT 2C,2019,33832,Gasolina,Manual,Mataró,6,0.3928233624970442,economy,9.494842393421333,10.429191936530588
112,Opel,Astra,8990,1.6 CDTi S/S 110 CV Excellence,2015,114400,Diésel,Manual,Sabadell 3,10,0.07858391608391609,economy,9.103979355984773,11.647465099148372
113,SEAT,Leon,18330,1.4 TSI 110kW (150CV) ACT St&Sp FR,2018,26000,Gasolina,Manual,Sabadell 1,7,0.705,economy,9.816348894719365,10.165890277802454
114,Renault,Kangoo Furgón,14430,Profesional Blue dCi 59 kW (80CV),2020,25100,Diésel,Manual,Sabadell 1,5,0.5749003984063745,economy,9.577133949436078,10.130662964963708
117,Renault,Clio 4,8990,Zen Energy TCe 66kW (90CV),2016,110000,Gasolina,Manual,Sabadell 3,9,0.08172727272727273,economy,9.103979355984773,11.608244735642321
118,Audi,A3,11430,Sportback 1.6 TDI 105cv Ambition,2014,97000,Diésel,Manual,Sabadell 1,11,0.11783505154639175,luxury,9.344084242025778,11.48247656671073
120,Peugeot,5008,24990,Allure 1.5L BlueHDi 96kW (130CV) S&S,2018,80995,Diésel,Automatica,Granollers,7,0.3085375640471634,economy,10.126271039034782,11.30215504971916
121,Volkswagen,T-Cross,23990,Advance 1.0 TSI 81kW (110CV) DSG,2020,12100,Gasolina,Automatica,Hospitalet,5,1.9826446280991736,economy,10.085434038999999,9.401043372798052
122,SEAT,Ibiza,8990,1.2 TSI 66kW (90CV) Reference,2017,39100,Gasolina,Manual,Hospitalet,8,0.229923273657289,economy,9.103979355984773,10.573903321093981
123,Kia,Sportage,15990,1.6 GDi 97kW (132CV) x-Tech17 4x2,2017,18000,Gasolina,Manual,Hospitalet,8,0.8883333333333333,economy,9.679781342959442,9.798182590890704
124,Opel,Astra,9990,1.6 Selective,2015,48000,Gasolina,Manual,Hospitalet,10,0.208125,economy,9.209439966733019,10.77897712300635
125,Ford,Ka+,9990,1.2 Ti-VCT White&Black Edition,2017,26400,Gasolina,Manual,Sabadell 2,8,0.3784090909090909,economy,9.209439966733019,10.181157167204903
129,Kia,Ceed,8490,1.6 CRDi VGT Drive,2016,173127,Diésel,Manual,Esplugas,9,0.04903914467414095,economy,9.046762057999363,12.061786484293458
131,Toyota,Yaris,5990,90D ACTIVE,2012,144437,Diésel,Manual,Esplugas,13,0.04147136813974259,economy,8.698013622083925,11.880605628715633
132,SEAT,Arona,14990,1.0 TSI 70kW (95CV) Style Ecomotive,2017,32760,Gasolina,Manual,Sabadell 2,8,0.45757020757020755,economy,9.615205300012315,10.39699406253165
133,Peugeot,2008,14990,Style 1.6 BlueHDi 73KW (100CV),2018,96970,Diésel,Manual,Sabadell 2,7,0.15458389192533772,economy,9.615205300012315,11.482167243713192
135,Ford,Kuga,10990,1.6 EcoBoost 150 A-S-S 4x2 Titanium,2014,176400,Gasolina,Manual,Sabadell 2,11,0.0623015873015873,economy,9.3048320350689,12.080515091473
137,BMW,Serie 1,11990,118d,2013,158000,Diésel,Manual,Granollers,12,0.07588607594936708,luxury,9.391911647379432,11.970356641102999
139,Ford,C-Max,10990,1.0 EcoBoost 125CV Trend+,2015,120597,Gasolina,Manual,Esplugas,10,0.09112996177351013,economy,9.3048320350689,11.700217979389782
141,Hyundai,Tucson,17730,1.7CRDi 85kW (115CV) BD 25 Aniv. Sky 4x2,2017,98000,Diésel,Manual,Sabadell 1,8,0.18091836734693878,economy,9.783069799056989,11.49273296168228
142,Toyota,Avensis,11970,120D Advance Cross Sport,2015,97800,Diésel,Manual,Sabadell 1,10,0.12239263803680982,economy,9.390242337251369,11.490690080919508
143,SEAT,Arona,14990,1.0 TSI 70kW (95CV) Style Ecomotive,2018,42591,Gasolina,Manual,Viladecans,7,0.3519522903899885,economy,9.615205300012315,10.659421721194837
144,Opel,Mokka,10990,1.7 CDTi 4X2 S&S Selective,2013,78000,Diésel,Manual,Mataró,12,0.1408974358974359,economy,9.3048320350689,11.264476926102367
145,Renault,Kadjar,15990,Zen Energy dCi 96kW (130CV),2017,84300,Diésel,Manual,Sabadell 3,8,0.18967971530249111,economy,9.679781342959442,11.342149006315793
146,SEAT,Ateca,25990,2.0 TDI 110kW (150CV) S&S FR Edition,2019,53000,Diésel,Manual,Badalona,6,0.490377358490566,economy,10.165505603232393,10.87806606028079
147,Volkswagen,Touran,22490,Advance 2.0 TDI 110kW(150CV) BMT,2017,23000,Diésel,Manual,Sabadell 3,8,0.9778260869565217,economy,10.020870508171171,10.043292972227004
148,Kia,Sportage,16490,1.6 GDi 97kW (132CV) Drive 4x2,2018,55600,Gasolina,Manual,Sabadell 3,7,0.29658273381294964,economy,9.71057005652877,10.925956465688445
149,Toyota,C-HR,15990,1.8 125H Advance,2017,134000,Híbrido,Automatica,Sabadell 3,8,0.11932835820895522,economy,9.679781342959442,11.80560254159177
150,BMW,X3,22990,sDrive18d,2016,96700,Diésel,Manual,Sabadell 3,9,0.2377456049638056,luxury,10.042858113983936,11.47937902264955
153,SEAT,Leon,13270,1.4 TSI ACT 110kW (150CV) DSG-7 St&Sp FR,2017,169000,Gasolina,Manual,Sabadell 1,8,0.07852071005917159,economy,9.493336482437249,12.037659911047466
154,SEAT,Arona,14490,1.0 TSI 70kW (95CV) Style Ecomotive,2018,95947,Gasolina,Manual,Mataró,7,0.151020876108685,economy,9.581283046045924,11.47156165702892
155,SEAT,Ibiza,9990,ST 1.6 TDI 105cv Style ITech 30 Aniver,2015,67600,Diésel,Manual,Viladecans,10,0.1477810650887574,economy,9.209439966733019,11.121378054821049
158,Peugeot,3008,18990,1.2 PURETECH 96KW (130CV) ACTIVE EAT8,2019,131900,Gasolina,Manual,Sabadell 2,6,0.143972706595906,economy,9.851720461714244,11.789806920177803
160,Audi,A1,12490,Sportback 1.0 TFSI 95CV Adrenalin2,2015,109450,Gasolina,Manual,Sabadell 2,10,0.1141160347190498,luxury,9.43276366396591,11.603232239501322
163,Hyundai,Kona,19490,XLE 4X2 ,2021,11757,Gasolina,Manual,Viladecans,4,1.6577358169601089,economy,9.87770809954864,9.3722891389622
164,Volkswagen,Polo,13990,Advance 1.0 TSI 70kW (95CV),2018,73000,Gasolina,Manual,Granollers,7,0.19164383561643836,economy,9.546169544733285,11.19822841866684
166,Kia,ProCeed,18990,1.6 T-GDi 204CV GT,2016,80000,Gasolina,Manual,Badalona,9,0.237375,economy,9.851720461714244,11.289794413577894
167,SEAT,Leon,14990,1.5 TSI 96kW (130CV) S&S Style Visio Ed,2019,70665,Gasolina,Manual,Badalona,6,0.21212764451991792,economy,9.615205300012315,11.165719830979276
169,Peugeot,308,9990,Nuevo 308 SW Business Line 1.6 HDI 92,2015,90500,Diésel,Manual,Badalona,10,0.1103867403314917,economy,9.209439966733019,11.413116179350727
171,Hyundai,i30,14990,1.0 TGDI Link Fastback,2018,35400,Gasolina,Manual,Granollers,7,0.42344632768361584,economy,9.615205300012315,10.474495347310452
172,Peugeot,5008,11990,Allure 1.6 BlueHDi 88KW (120CV),2016,106000,Diésel,Manual,Granollers,9,0.11311320754716982,economy,9.391911647379432,11.571203807011969
173,Renault,Clio,16490,Zen TCe GPF 96 kW (130CV) EDC,2020,6425,Gasolina,Automatica,Sabadell 2,5,2.566536964980545,economy,9.71057005652877,8.768107539675803
174,Opel,Vivaro,15990,1.6 CDTI 90 CV Expression L1 H1 2.7t,2016,53600,Diésel,Manual,Sabadell 2,9,0.29832089552238805,economy,9.679781342959442,10.889323003601277
175,Ford,EcoSport,14490,1.0T EcoBoost 92kW (125CV) S&S ST Line,2018,29213,Gasolina,Manual,Sabadell 2,7,0.4960120494300483,economy,9.581283046045924,10.282403325410755
176,BMW,Serie 5,11490,520d,2011,199600,Diésel,Manual,Sabadell 2,14,0.05756513026052104,luxury,9.349319399257633,12.20407565286699
177,Audi,A3,12990,Sportb 2.0 TDI 150 clean S line edition,2014,159782,Diésel,Manual,Sabadell 2,11,0.08129826889136449,luxury,9.472012088995733,11.981571923676517
178,Ford,Fiesta,10990,1.0 EcoBoost 74kW ST-Line 5p,2017,90378,Gasolina,Manual,Gavá,8,0.12160038947531479,economy,9.3048320350689,11.411767218509281
180,Kia,Ceed,19990,1.4 T-GDi 103kW (140CV) Tech,2018,28096,Gasolina,Manual,Gavá,7,0.7114891799544419,economy,9.903037451255743,10.243418088056579
181,Toyota,Verso,14990,1.6D 115D Advance + Pack Style 7pl.,2016,98861,Diésel,Manual,Gavá,9,0.1516270318932643,economy,9.615205300012315,11.501480217285486
183,Hyundai,i30,14490,1.6 CRDi 81kW (110CV) Tecno Tech,2017,56294,Diésel,Manual,Esplugas,8,0.257398657050485,economy,9.581283046045924,10.938361000237231
184,Renault,Megane,17990,Limited TCe 103 kW (140CV) GPF -SS,2020,33375,Gasolina,Automatica,Esplugas,5,0.5390262172284644,economy,9.79762691183662,10.415592357800499
186,Ford,Puma,18990,1.0 EcoBoost 92kW (125cv) ST-Line MHEV,2020,2584,Híbrido,Manual,Esplugas,5,7.349071207430341,economy,9.851720461714244,7.85748078694253
187,Audi,A1,15290,1.0 TFSI 95CV S tronic Attracted,2015,111793,Gasolina,Automatica,Esplugas,10,0.13677063859096725,luxury,9.63501969900815,11.624413171000027
189,Hyundai,Tucson,24990,1.6 GDI 97kW (131CV) N-Line Lite 4X2,2020,8320,Gasolina,Manual,Mataró,5,3.003605769230769,economy,10.126271039034782,9.02653771890043
191,Volkswagen,Golf,18960,GTD 2.0 TDI 184CV DSG BMT,2016,85000,Diésel,Automatica,Sabadell 1,9,0.22305882352941175,economy,9.850139517034203,11.350418300109132
193,SEAT,Ibiza,12350,SC 1.0 EcoTSI 110cv FR,2016,56000,Gasolina,Manual,Sabadell 1,9,0.22053571428571428,economy,9.421492310438014,10.933124826700706
194,Opel,Astra,10980,1.6 CDTi S/S 100kW (136CV) Dynamic,2016,155000,Diésel,Automatica,Sabadell 1,9,0.07083870967741936,economy,9.303921785597712,11.951186847493474
195,SEAT,Arona,15490,1.0 TSI 70kW (95CV) Style Ecomotive,2017,55630,Gasolina,Manual,Hospitalet,8,0.27844688117921984,economy,9.648014489106362,10.92649587882005
197,Renault,Kangoo,10990,Profesional N1 Energy dCi 66kW (90CV) E6,2018,140000,Diésel,Manual,Hospitalet,7,0.0785,economy,9.3048320350689,11.849404844423074
198,Ford,Tourneo Courier,12490,1.5 TDCi 74kW (100CV) Trend,2018,105000,Diésel,Manual,Badalona,7,0.11895238095238095,economy,9.43276366396591,11.561725152903833
199,Audi,S5,19990,3.0 S5 TFSI quattro S Tronic cabrio,2011,156230,Gasolina,Automatica,Mataró,14,0.12795237790437175,luxury,9.903037451255743,11.959090960204769
200,BMW,Serie 5,14490,520d,2013,142121,Diésel,Manual,Esplugas,12,0.10195537605280008,luxury,9.581283046045924,11.864441122650636
202,Toyota,Verso,9990,120D Comfort 5pl.,2013,135800,Diésel,Manual,Sabadell 3,12,0.0735640648011782,economy,9.209439966733019,11.81894585784987
203,Peugeot,308,10990,SW Allure 1.6 BlueHDI 120,2016,116800,Diésel,Manual,Sabadell 3,9,0.09409246575342466,economy,9.3048320350689,11.668226910983448
205,Kia,Niro,19490,1.6 GDi Híbrido 104kW (141CV) Drive,2019,42000,Híbrido,Automatica,Sabadell 3,6,0.46404761904761904,economy,9.87770809954864,10.645448706505872
206,Opel,Mokka,10990,1.7 CDTi 4X2 S&S Excellence,2014,90000,Diésel,Manual,Sabadell 3,11,0.12211111111111111,economy,9.3048320350689,11.407576060361786
209,SEAT,Exeo,9990,ST 2.0 TDI CR 120 CV Style Ecomotive,2013,112200,Diésel,Manual,Sabadell 3,12,0.08903743315508021,economy,9.209439966733019,11.628047184686986
211,Toyota,Yaris,9990,1.3 100 Feel,2017,95200,Gasolina,Manual,Sabadell 3,8,0.10493697478991597,economy,9.209439966733019,11.463745724925968
212,Renault,Megane,15990,Sp. Tourer GT Line En. TCe 97kW (130CV),2017,55603,Gasolina,Manual,Esplugas,8,0.28757441145261947,economy,9.679781342959442,10.926010420096983
213,SEAT,Arona,14990,1.0 TSI 70kW (95CV) Style Ecomotive,2018,43451,Gasolina,Manual,Esplugas,7,0.34498630641412165,economy,9.615205300012315,10.67941215955364
215,SEAT,Leon,15990,ST 2.0 TDI 150cv DSG-6 St&Sp FR,2014,143065,Diésel,Automatica,Esplugas,11,0.11176737846433439,economy,9.679781342959442,11.871061341227467
216,Peugeot,2008,14990,Allure 1.2 PureTech 81KW (110CV)S&S EAT6,2018,86700,Gasolina,Automatica,Granollers,7,0.17289504036908881,economy,9.615205300012315,11.370220696727491
217,SEAT,Tarraco,25990,1.5 TSI 110kW (150CV) St&Sp Style Plus,2019,25000,Gasolina,Manual,Granollers,6,1.0396,economy,10.165505603232393,10.12667110305036
219,SEAT,Leon,18490,2.0 TDI 110kW (150CV) DSG-6 St&Sp FR,2018,86390,Diésel,Automatica,Sabadell 2,7,0.21402940155110545,economy,9.825039406206987,11.366638782699756
220,SEAT,Ibiza,11990,1.0 EcoTSI 70kW (95CV) Reference,2017,55195,Gasolina,Manual,Sabadell 2,8,0.2172298215418063,economy,9.391911647379432,10.918645765871444
221,Peugeot,208,9490,5P ACCESS 1.2L PureTech 82,2016,68720,Gasolina,Manual,Sabadell 2,9,0.13809662398137368,economy,9.158099260130491,11.137810108356684
222,Renault,Megane,14990,GT Line Energy dCi 96kW (130CV),2018,110150,Diésel,Manual,Sabadell 2,7,0.13608715388107126,economy,9.615205300012315,11.609607430718558
223,BMW,X5,27990,xDrive30d,2016,195000,Diésel,Automatica,Sabadell 2,9,0.14353846153846153,luxury,10.239638308916676,12.180759965737863
224,BMW,Serie 4,24990,420d Gran Coupe,2017,94370,Diésel,Automatica,Sabadell 2,8,0.26480873158842855,luxury,10.126271039034782,11.454989101547133
225,Opel,Astra,11490,1.6 CDTi 110 CV Selective,2016,103056,Diésel,Manual,Hospitalet,9,0.1114927806241267,economy,9.349319399257633,11.543037512201789
226,Volkswagen,T-Roc,21430,Advance R-Line 1.0 TSI 81kW (110CV),2021,15600,Gasolina,Manual,Sabadell 1,4,1.3737179487179487,economy,9.972593750934676,9.655090293747248
229,Opel,Combo Tour,10930,Tour Selective 1.6CDTI 70kW (95CV) L1 H1,2017,102000,Diésel,Manual,Sabadell 1,8,0.10715686274509804,economy,9.299358068293834,11.532737896139919
231,Honda,CR-V,16210,1.6 i-DTEC 88kW (120CV) 4x2 Eleg P Nav P,2016,92000,Diésel,Manual,Sabadell 1,9,0.17619565217391303,economy,9.693445303141573,11.42955472553732
233,Ford,Focus,19990,1.0 Ecoboost 92kW ST-Line Auto SportBr,2019,53400,Gasolina,Automatica,Hospitalet,6,0.3743445692883895,economy,9.903037451255743,10.885584751364705
234,Hyundai,ix35,12990,1.7 CRDi Kosmo Sky 4x2,2014,56800,Diésel,Manual,Badalona,11,0.22869718309859155,economy,9.472012088995733,10.947309210188068
236,BMW,Serie 4,24990,418d Gran Coupe,2017,37197,Diésel,Manual,Gavá,8,0.6718283732559077,luxury,10.126271039034782,10.524010275375073
237,BMW,Serie 3,20490,318d,2017,37833,Diésel,Automatica,Gavá,8,0.5415906748077075,luxury,9.927741044336832,10.540963448225607
238,Kia,Sportage,13990,1.6 GDi 132CV Emotion 4x2,2016,137000,Gasolina,Manual,Gavá,9,0.10211678832116788,economy,9.546169544733285,11.827743504053695
240,Hyundai,i30,11490,1.0 TGDI Klass LE,2017,65000,Gasolina,Manual,Badalona,8,0.17676923076923076,economy,9.349319399257633,11.082157933374816
241,Peugeot,208,11990,5P Signature 1.2L PureTech 60KW (82CV),2018,17600,Gasolina,Manual,Badalona,7,0.68125,economy,9.391911647379432,9.775710997593968
242,Peugeot,208,6990,3P ALLURE 1.2 VTi 82,2012,102762,Gasolina,Manual,Badalona,13,0.06802125299235126,economy,8.852378886511985,11.54018064503668
244,Porsche,Cayenne,28380,3.0 TD Tiptronic,2013,122000,Diésel,Automatica,Sabadell 1,12,0.23262295081967213,performance,10.253475186175004,11.711784520403112
245,Audi,A3,25330,S line 35 TFSI 110kW (150CV) Sedan,2019,63500,Gasolina,Automatica,Sabadell 1,6,0.3988976377952756,luxury,10.13978422109525,11.05881093278828
246,Toyota,Auris,10880,90D Active Touring Sports,2014,122800,Diésel,Manual,Sabadell 1,11,0.08859934853420195,economy,9.294773427951013,11.718320437984497
247,Peugeot,3008,21490,1.5L BlueHDi 96kW (130CV) S&S Allure,2018,93380,Diésel,Automatica,Sabadell 2,7,0.23013493253373313,economy,9.975389521825205,11.444443177398837
248,Audi,A1,12990,S LINE ,2015,85700,Gasolina,Manual,Sabadell 2,10,0.1515752625437573,luxury,9.472012088995733,11.358619773129229
249,SEAT,Ibiza,11990,1.2 TSI 105cv FR,2015,56455,Gasolina,Manual,Mataró,10,0.21238154282171642,economy,9.391911647379432,10.941216852680666
251,Audi,A1,15490,1.6 TDI Attraction,2016,113000,Diésel,Manual,Granollers,9,0.13707964601769912,luxury,9.648014489106362,11.635151947212842
252,Kia,Picanto,8680,1.0 CVVT 49kW (66CV) Tech,2017,65600,Gasolina,Manual,Sabadell 1,8,0.1323170731707317,economy,9.068892008391808,11.091346218718432
254,Renault,Captur,21990,Zen+ TCe 96kW (130CV) EDC,2020,3300,Gasolina,Automatica,Granollers,5,6.663636363636364,economy,9.998388557730847,8.101980731853192
258,Ford,Ka+,10490,1.2 Ti-VCT 63kW Active,2019,40843,Gasolina,Manual,Esplugas,6,0.2568371569179541,economy,9.258273025731485,10.617515210675428
262,Opel,Crossland X,15490,1.2 96kW (130CV) Innovation S/S,2019,66500,Gasolina,Manual,Hospitalet,6,0.23293233082706766,economy,9.648014489106362,11.104972264124866
263,BMW,Serie 3,16990,318d Touring,2016,132450,Diésel,Manual,Hospitalet,9,0.1282748206870517,luxury,9.740439071085758,11.793968044690589
264,SEAT,Ibiza,9290,1.0 EcoTSI 95cv Style Connect,2015,122800,Gasolina,Manual,Sabadell 2,10,0.0756514657980456,economy,9.136801468641313,11.718320437984497
266,Peugeot,308,14990,5p Allure 2.0 BlueHDi 110KW (150CV),2017,88300,Diésel,Automatica,Sabadell 2,8,0.169762174405436,economy,9.615205300012315,11.388506711556236
269,Toyota,Yaris,11990,1.0 70 Active,2019,28392,Gasolina,Manual,Mataró,6,0.42230205691744155,economy,9.391911647379432,10.253897914895148
271,Ford,Tourneo Courier,10990,1.6 TDCi 95cv Trend,2015,121846,Diésel,Manual,Mataró,10,0.09019582095431938,economy,9.3048320350689,11.710521438315302
273,Kia,Carens,13990,1.7 CRDi VGT 104kW(115CV) Drive Eco-Dyn,2016,62900,Diésel,Manual,Hospitalet,9,0.22241653418124005,economy,9.546169544733285,11.049317340813348
275,Peugeot,208,10990,5P STYLE 1.6 BlueHDi 73KW (100CV),2017,58323,Diésel,Manual,Gavá,8,0.18843337962724827,economy,9.3048320350689,10.973768951436176
276,Peugeot,308,12990,5p Access 1.6 BlueHDi 73KW (100CV),2018,82172,Diésel,Manual,Gavá,7,0.15808304531957357,economy,9.472012088995733,11.316582059933834
277,SEAT,Arona,14990,1.0 TSI 70kW (95CV) Style Ecomotive,2018,81533,Gasolina,Manual,Gavá,7,0.18385193725240087,economy,9.615205300012315,11.308775390148552
278,Toyota,C-HR,19990,1.8 125H Advance,2018,51520,Híbrido,Automatica,Gavá,7,0.3880046583850932,economy,9.903037451255743,10.849744770527753
279,Volkswagen,Passat CC,16990,2.0 TDI 140cv DSG BlueMotion Technology,2015,140927,Diésel,Automatica,Viladecans,10,0.12055887090479468,economy,9.740439071085758,11.856004400642297
281,Ford,Fiesta,8990,1.25 Duratec 82cv Trend 5p,2016,64175,Gasolina,Manual,Viladecans,9,0.14008570315543437,economy,9.103979355984773,11.069384588009834
282,Audi,A5,15490,Coupé 2.0 TDI 177 multitronic,2014,179383,Diésel,Automatica,Viladecans,11,0.0863515494779327,luxury,9.648014489106362,12.097284038453367
283,SEAT,Ibiza,12990,1.0 EcoTSI 70kW Style Connect,2017,17561,Gasolina,Manual,Viladecans,8,0.739707305962075,economy,9.472012088995733,9.773492755919941
284,Volkswagen,Polo,11990,Advance 1.2 TSI 90CV BMT DSG,2015,95677,Gasolina,Automatica,Mataró,10,0.1253174744191394,economy,9.391911647379432,11.468743665955953
285,SEAT,Ibiza,12990,1.0 MPI 59kW (80CV) Style,2018,60000,Gasolina,Manual,Sabadell 3,7,0.2165,economy,9.472012088995733,11.002116507732017
286,Toyota,Avensis,14990,2.0 150D BUSINESS ADVANCE TS,2018,119000,Diésel,Manual,Mataró,7,0.12596638655462186,economy,9.615205300012315,11.686887175419702
287,Volkswagen,Golf,14990,2.0 TDI 150cv DSG,2013,141100,Diésel,Automatica,Mataró,12,0.10623671155209072,economy,9.615205300012315,11.85723122498801
290,Ford,Kuga,14990,1.5 TDCi 88kW 4x2 A-S-S Trend,2017,69000,Diésel,Manual,Sabadell 3,8,0.2172463768115942,economy,9.615205300012315,11.141876276228
294,SEAT,Tarraco,24990,2.0 TDI 110kW (150CV) S&S Style Plus,2019,65833,Diésel,Manual,Mataró,6,0.379596858718272,economy,10.126271039034782,11.094891701186208
296,Ford,EcoSport,15490,1.0T EcoBoost 92kW (125CV) S&S ST Line,2019,25000,Gasolina,Manual,Badalona,6,0.6196,economy,9.648014489106362,10.12667110305036
298,SEAT,Ateca,18990,1.6 TDI 85kW (115CV) St&Sp Style Eco,2018,112250,Diésel,Manual,Hospitalet,7,0.16917594654788418,economy,9.851720461714244,11.628492714250788
299,Peugeot,3008,19490,1.6BLUEHDI 120 HP ALLURE S&S,2016,95200,Diésel,Manual,Hospitalet,9,0.20472689075630252,economy,9.87770809954864,11.463745724925968
302,Peugeot,208,7490,5P ALLURE 1.2L PureTech 82,2015,145954,Gasolina,Manual,Viladecans,10,0.05131753840251038,economy,8.921457578947882,11.891053634003098
303,BMW,Serie 1,12490,116d,2013,75600,Diésel,Manual,Hospitalet,12,0.1652116402116402,luxury,9.43276366396591,11.233224789593368
304,Audi,Q3,21490,Sport ed 2.0 TDI 135kW(184CV) quat S tro,2017,161400,Diésel,Automatica,Hospitalet,8,0.13314745972738537,luxury,9.975389521825205,11.991647230585656
305,Hyundai,ix20,9990,1.4 MPI Klass,2014,57800,Gasolina,Manual,Hospitalet,11,0.17283737024221454,economy,9.209439966733019,10.96476135554887
307,Peugeot,208,15990,PureTech 73kW (100CV) EAT8 Active,2020,21660,Gasolina,Automatica,Sabadell 3,5,0.7382271468144044,economy,9.679781342959442,9.983268687540978
309,BMW,X1,10990,sDrive20d,2012,135000,Diésel,Manual,Sabadell 3,13,0.0814074074074074,luxury,9.3048320350689,11.813037464800539
310,Hyundai,ix35,7990,1.7 CRDi GL Classic 4x2,2012,186350,Diésel,Manual,Sabadell 3,13,0.04287630802253824,economy,8.986071187374462,12.135387271139317
311,BMW,Serie 1,15990,116d EfficientDynamics,2017,98600,Diésel,Manual,Sabadell 3,8,0.16217038539553752,luxury,9.679781342959442,11.498836682527127
312,BMW,X1,20490,xDrive18d,2018,110000,Diésel,Automatica,Sabadell 3,7,0.18627272727272728,luxury,9.927741044336832,11.608244735642321
313,Ford,Fiesta,13990,1.5 TDCi 63kW Trend+ 5p,2018,28467,Diésel,Manual,Sabadell 3,7,0.49144623599255277,economy,9.546169544733285,10.256535928419162
315,BMW,Serie 3,15490,318d Touring,2015,144900,Diésel,Automatica,Sabadell 3,10,0.10690131124913733,luxury,9.648014489106362,11.883806029596208
316,Toyota,Auris,15990,1.8 140H Advance Touring Sports,2018,64000,Híbrido,Automatica,Sabadell 3,7,0.24984375,economy,9.679781342959442,11.06665398721974
317,Audi,Q3,29990,35 TFSI 110kW (150CV),2019,18200,Gasolina,Automatica,Sabadell 1,6,1.6478021978021977,luxury,10.30865261563529,9.809231816610406
320,Kia,Picanto,10990,1.0 CVVT 49kW (67CV) Concept,2019,16509,Gasolina,Manual,Granollers,6,0.665697498334242,economy,9.3048320350689,9.711721536914173
322,Peugeot,2008,12490,Allure 1.2 PureTech 130 S&S,2016,87000,Gasolina,Manual,Granollers,9,0.1435632183908046,economy,9.43276366396591,11.373674891823535
325,Peugeot,308,10990,5p Access 1.6 BlueHDi 73KW (100CV),2017,115000,Diésel,Manual,Granollers,8,0.09556521739130434,economy,9.3048320350689,11.652696102959753
326,BMW,Serie 3,23990,320d xDrive Gran Turismo,2017,126000,Diésel,Automatica,Granollers,8,0.1903968253968254,luxury,10.085434038999999,11.744045122410057
328,BMW,X5,30990,sDrive25d,2018,101240,Diésel,Automatica,Viladecans,7,0.30610430659818255,luxury,10.341452118734878,11.525259092129044
329,Volkswagen,Scirocco,16990,Typhoon by R-Line 1.4 TSI 92kW (125CV),2017,73153,Gasolina,Manual,Gavá,8,0.23225294929804657,economy,9.740439071085758,11.2003220871132
330,Volkswagen,Golf,14990,Advance 1.6 TDI BMT,2017,65655,Diésel,Manual,Gavá,8,0.22831467519610082,economy,9.615205300012315,11.092184269309547
331,Renault,Clio,6990,Dynamique Energy dCi 90 S&S eco2,2013,161540,Diésel,Manual,Hospitalet,12,0.04327101646650984,economy,8.852378886511985,11.99251425939436
332,BMW,Serie 5,20990,520d,2017,178000,Diésel,Automatica,Sabadell 3,8,0.11792134831460674,luxury,9.951849053414007,12.08954444723597
333,Volkswagen,Golf,10990,Advance 1.6 TDI 105cv BMT DSG,2013,136000,Diésel,Automatica,Sabadell 3,12,0.08080882352941177,economy,9.3048320350689,11.820417517632333
334,SEAT,Ibiza,9490,1.6 TDI 105cv FR,2015,112700,Diésel,Manual,Hospitalet,10,0.08420585625554569,economy,9.158099260130491,11.632493573102964
338,Ford,Focus,15990,1.0 Ecoboost 92kW ST-Line,2019,30058,Gasolina,Manual,Sabadell 2,6,0.5319715217246657,economy,9.679781342959442,10.31091739595388
339,Ford,Kuga,23490,Titanium 1.5 EcoBlue 88kW (120CV) Auto,2020,28000,Diésel,Automatica,Sabadell 2,5,0.8389285714285715,economy,10.064372648053764,10.239995502805314
340,Kia,Ceed,15990,1.0 T-GDi 88kW (120CV) Business,2020,22800,Gasolina,Manual,Sabadell 2,5,0.7013157894736842,economy,9.679781342959442,10.034559673629849
341,Volkswagen,T-Roc,23460,Advance Style 2.0 TDI 110kW (150CV),2019,19500,Diésel,Manual,Sabadell 1,6,1.2030769230769232,economy,10.063094747044966,9.87822102528824
342,Honda,CR-V,14990,2.2 i-DTEC Comfort,2013,110000,Diésel,Manual,Sabadell 1,12,0.13627272727272727,economy,9.615205300012315,11.608244735642321
344,Kia,Sportage,14490,1.7 CRDi VGT 115CV Drive 4x2 Eco-Dynam,2016,118000,Diésel,Manual,Sabadell 1,9,0.12279661016949152,economy,9.581283046045924,11.678448377988163
345,SEAT,Leon,13580,2.0 TDI 150cv St&Sp FR,2014,90000,Diésel,Manual,Sabadell 1,11,0.15088888888888888,economy,9.516427036104067,11.407576060361786
346,Ford,Kuga,13990,2.0 TDCi 140 4x2 Trend,2014,69429,Diésel,Manual,Esplugas,11,0.2015008137809849,economy,9.546169544733285,11.148074329747319
348,Toyota,Yaris,10990,1.0 70 Business,2019,16184,Gasolina,Manual,Mataró,6,0.6790657439446367,economy,9.3048320350689,9.691840166360345
351,Toyota,Auris,17490,1.8 140H Hybrid Advance,2016,36000,Híbrido,Automatica,Badalona,9,0.48583333333333334,economy,9.769441741907062,10.491301994830229
352,Kia,Picanto,11990,1.0 DPi 49kW (67CV) Concept,2021,3800,Gasolina,Manual,Badalona,4,3.155263157894737,economy,9.391911647379432,8.243019468989248
354,Ford,Grand C-Max,11490,1.5 TDCi 120CV Titanium,2016,165000,Diésel,Manual,Hospitalet,9,0.06963636363636364,economy,9.349319399257633,12.013706813470412
356,Kia,Stonic,15990,1.0 T-GDi 74kW (100CV) Tech,2019,64000,Gasolina,Manual,Hospitalet,6,0.24984375,economy,9.679781342959442,11.06665398721974
357,Audi,A1,20990,30 TFSI 85kW (116CV) Sportback SLine ,2019,40457,Gasolina,Manual,Mataró,6,0.5188224534691154,luxury,9.951849053414007,10.608019677962636
358,Opel,Astra,11490,1.6 CDTi S/S 110 CV Selective,2015,45300,Diésel,Manual,Hospitalet,10,0.25364238410596024,economy,9.349319399257633,10.721084386282662
361,Kia,Ceed,13990,1.0 T-GDi 88kW (120CV) Tech,2019,70000,Gasolina,Manual,Sabadell 3,6,0.19985714285714284,economy,9.546169544733285,11.156264806643742
362,Hyundai,Tucson,16990,1.6 GDi Tecno 4x2,2018,43390,Gasolina,Manual,Gavá,7,0.3915648766997004,economy,9.740439071085758,10.678007325311796
364,Renault,Megane,11990,Intens Energy dCi 81kW (110CV),2016,86310,Diésel,Manual,Granollers,9,0.1389178542463214,economy,9.391911647379432,11.365712331289558
365,Ford,Fiesta,8990,1.0 EcoBoost 100cv Powershift Trend 5p,2015,71100,Gasolina,Manual,Granollers,10,0.12644163150492266,economy,9.103979355984773,11.171856680390034
367,SEAT,Leon,10990,SC 1.2 TSI 110cv St&Sp Style,2014,95650,Gasolina,Manual,Badalona,11,0.11489806586513329,economy,9.3048320350689,11.468461429596811
368,Volkswagen,Tiguan,15990,Sport 2.0 TDI 140CV DSG BMT 4Motion,2015,146500,Diésel,Automatica,Badalona,10,0.10914675767918089,economy,9.679781342959442,11.89478753335453
371,BMW,X5,82580,xDrive30d,2021,14000,Híbrido,Automatica,Sabadell 1,4,5.898571428571429,luxury,11.321534908836368,9.546884034617925
372,Opel,Corsa,10990,1.4 Selective 66kW (90CV),2018,47450,Gasolina,Manual,Hospitalet,7,0.23161222339304532,economy,9.3048320350689,10.767452878631598
373,Ford,Focus,16490,1.0 Ecoboost 92kW ST-Line,2019,28592,Gasolina,Manual,Esplugas,6,0.5767347509792949,economy,9.71057005652877,10.260917211605735
374,Peugeot,208,10490,5P STYLE 1.2L PureTech 110,2016,80826,Gasolina,Manual,Esplugas,9,0.12978497018286195,economy,9.258273025731485,11.300066347106538
377,SEAT,Leon,18990,1.5 TSI 110kW (150CV) DSG-7 St&Sp FR,2019,49200,Gasolina,Automatica,Hospitalet,6,0.38597560975609757,economy,9.851720461714244,10.803669227477098
378,Ford,Fiesta,13490,1.5 TDCi 63kW Active 5p,2019,71000,Diésel,Manual,Hospitalet,6,0.19,economy,9.509778075438817,11.170449240431308
379,Renault,Clio,14990,Zen TCe 67 kW (91CV),2019,22137,Gasolina,Manual,Hospitalet,6,0.6771468582012016,economy,9.615205300012315,10.005050867945569
381,SEAT,Ateca,20990,1.4 EcoTSI 110kW (150CV) DSG-7 S&S Xcel,2017,15000,Gasolina,Automatica,Badalona,8,1.3993333333333333,economy,9.951849053414007,9.61587214452889
382,Ford,Focus,17990,1.0 Ecoboost 92kW ST-Line,2019,42800,Gasolina,Manual,Badalona,6,0.4203271028037383,economy,9.79762691183662,10.664316745782923
383,Kia,Ceed,12990,1.4 CVVT 74kW (100CV) Drive,2018,30000,Gasolina,Manual,Badalona,7,0.433,economy,9.472012088995733,10.308985993422082
385,Toyota,Corolla,22990,2.0 180H FEEL! E-CVT TOURING SPORT,2020,21450,Híbrido,Automatica,Badalona,5,1.0717948717948718,economy,10.042858113983936,9.973526543316103
386,Volkswagen,Scirocco,16990,R-Line 2.0 TDI 110kW(150CV) BMT DSG,2017,110700,Diésel,Automatica,Badalona,8,0.15347786811201444,economy,9.740439071085758,11.614588152079595
388,Kia,Sportage,9990,1.6 GDI Drive 4x2,2011,101000,Gasolina,Manual,Badalona,14,0.09891089108910892,economy,9.209439966733019,11.522885696764481
389,Audi,Q3,19990,2.0 TDI 184CV quattro S tronic,2016,144042,Diésel,Automatica,Badalona,9,0.13877896724566446,luxury,9.903037451255743,11.877867145093823
390,Audi,A1,9990,1.6 TDI 90cv Attraction,2014,142359,Diésel,Manual,Badalona,11,0.07017469917602681,luxury,9.209439966733019,11.86611433962413
393,Ford,Focus,16990,1.0 Ecoboost 92kW Titanium,2019,26500,Gasolina,Manual,Hospitalet,6,0.6411320754716981,economy,9.740439071085758,10.184937747111391
394,Honda,Civic,36990,2.0 I-VTEC TURBO TYPE R S,2018,17349,Gasolina,Manual,Viladecans,7,2.1321113608853537,economy,10.518429918794682,9.761347785375005
396,Opel,Zafira Tourer,10990,1.6 CDTi S/S 120 CV Expression,2016,82650,Diésel,Manual,Sabadell 2,9,0.13297035692679976,economy,9.3048320350689,11.322382202389527
398,Audi,TT,23990,Roadster 2.0 TFSI 230CV quat S tr S line,2015,155223,Gasolina,Automatica,Viladecans,10,0.15455183832292896,luxury,10.085434038999999,11.952624513951108
400,Audi,A4,19590,2.0 TDI 110kW(150CV),2017,101567,Diésel,Manual,Viladecans,8,0.19287760788445066,luxury,9.882825556088031,11.52848380388608
401,SEAT,Alhambra,12990,2.0 TDI 140 CV Ecomotive Style,2014,163000,Diésel,Manual,Sabadell 1,11,0.07969325153374233,economy,9.472012088995733,12.001511614739405
402,Ford,Focus,18780,1.0 Ecoboost 92kW Trend+,2019,71000,Gasolina,Manual,Sabadell 1,6,0.2645070422535211,economy,9.840600999480937,11.170449240431308
403,SEAT,Ibiza,11790,1.0 MPI 59kW (80CV) Style,2018,53000,Gasolina,Manual,Sabadell 1,7,0.22245283018867926,economy,9.375091807576673,10.87806606028079
404,Audi,A7,20990,Sportback 3.0 TDI 245cv quattro S tronic,2011,137000,Diésel,Automatica,Sabadell 1,14,0.15321167883211678,luxury,9.951849053414007,11.827743504053695
405,SEAT,Leon,17490,ST 1.4 TSI 110kW ACT DSG-7 St&Sp FR,2017,47120,Gasolina,Automatica,Hospitalet,8,0.3711799660441426,economy,9.769441741907062,10.760474040511141
408,SEAT,Leon,14990,2.0 TDI 150cv St&Sp FR,2015,147978,Diésel,Manual,Mataró,10,0.1012988417197151,economy,9.615205300012315,11.904825650786753
409,Ford,Fiesta,14490,1.0 EcoBoost 70kW (95CV) ST-Line S/S 5p,2020,11920,Gasolina,Manual,Sabadell 2,5,1.2156040268456376,economy,9.581283046045924,9.386056829718001
410,Kia,ProCeed,14490,1.6 CRDi VGT 128CV Emotion Eco-Dynamics,2015,92000,Diésel,Manual,Badalona,10,0.1575,economy,9.581283046045924,11.42955472553732
411,Renault,Espace,14990,Zen Energy dCi 160 Twin Turbo EDC,2015,130165,Diésel,Automatica,Gavá,10,0.11516152575577152,economy,9.615205300012315,11.776565837941728
413,SEAT,Leon,24990,2.0 TSI 221kW (300CV) DSG-6 St&Sp CUPRA,2017,53500,Gasolina,Automatica,Gavá,8,0.46710280373831775,economy,10.126271039034782,10.887455624298196
414,SEAT,Ibiza,16990,1.5 TSI 110kW (150CV) FR,2018,92959,Gasolina,Manual,Mataró,7,0.18276874751234415,economy,9.740439071085758,11.439924572085738
418,Peugeot,108,7990,Top! Allure 1.2 PureTech 82,2015,61500,Gasolina,Manual,Mataró,10,0.12991869918699187,economy,8.986071187374462,11.026808713825016
420,Kia,Sportage,19990,1.7 CRDi VGT GT Line DCT 4x2 Eco-Dynam,2017,86600,Diésel,Automatica,Sabadell 3,8,0.23083140877598152,economy,9.903037451255743,11.369066641827967
421,Opel,Insignia,11990,1.6 CDTI S&S 88kW (120CV) Business,2017,98700,Diésel,Manual,Sabadell 3,8,0.12147922998986829,economy,9.391911647379432,11.499850357082506
422,Volkswagen,Tiguan,22490,Sport 2.0 TDI 150CV BMT 4Motion DSG,2016,141350,Diésel,Automatica,Sabadell 3,9,0.15910859568447117,economy,10.020870508171171,11.859001437734136
423,Ford,Focus,10990,1.5 TDCi E6 120cv PowerhS. Trend+,2016,125600,Diésel,Manual,Sabadell 3,9,0.0875,economy,9.3048320350689,11.740865494767979
425,Peugeot,108,8990,1.2 PureTech 60KW (82CV),2018,60000,Gasolina,Manual,Granollers,7,0.14983333333333335,economy,9.103979355984773,11.002116507732017
428,Volkswagen,Polo,9290,1.2 TSI 90cv R-Line,2013,129980,Gasolina,Manual,Sabadell 2,12,0.07147253423603632,economy,9.136801468641313,11.775143564910051
429,Ford,Focus,16490,1.0 Ecoboost 92kW ST-Line,2019,58520,Gasolina,Manual,Sabadell 2,6,0.28178400546821597,economy,9.71057005652877,10.977140943163041
430,Ford,Ka,7490,Trend+ 1.2 Duratec Auto-Start-Stop,2016,48000,Gasolina,Manual,Granollers,9,0.15604166666666666,economy,8.921457578947882,10.77897712300635
433,Toyota,Yaris,15990,1.5 Hybrid Active,2019,38255,Híbrido,Automatica,Esplugas,6,0.41798457717945364,economy,9.679781342959442,10.552055689698106
434,SEAT,Leon,8490,1.6 TDI 105cv E-Ecomotive Style,2012,169927,Diésel,Manual,Esplugas,13,0.049962631012140504,economy,9.046762057999363,12.04313009690672
435,Toyota,Land Cruiser,33990,2.8 D-4D VXL AUTO,2015,157515,Diésel,Automatica,Esplugas,10,0.21578897247881154,economy,10.43385106267516,11.96728231938977
436,Kia,Sorento,22490,2.2 CRDi 147kW (200CV) Drive Auto 4x2,2017,115601,Diésel,Automatica,Esplugas,8,0.19454849006496483,economy,10.020870508171171,11.657908536108815
437,Toyota,Yaris,14590,1.5 Hybrid Advance,2018,56935,Híbrido,Automatica,Viladecans,7,0.256257135329762,economy,9.588160179264023,10.949683108979107
439,Opel,Adam,9990,1.2 XEL JAM,2016,32806,Gasolina,Manual,Mataró,9,0.3045174663171371,economy,9.209439966733019,10.398397186236718
441,Opel,Astra,12490,1.4 Turbo S/S 92kW (125CV) Selective ST,2017,40000,Gasolina,Manual,Sabadell 3,8,0.31225,economy,9.43276366396591,10.596659732783579
442,Renault,Clio 4,11990,Zen Energy TCe 88kW (120CV),2016,56300,Gasolina,Manual,Sabadell 3,9,0.21296625222024868,economy,9.391911647379432,10.938467575959383
443,Ford,Focus,17990,1.0 Ecoboost 92kW ST-Line,2019,25543,Gasolina,Manual,Gavá,6,0.704302548643464,economy,9.79762691183662,10.148157734394617
444,Toyota,Auris,12990,Hybrid Active,2014,65989,Híbrido,Automatica,Hospitalet,11,0.19685099031656791,economy,9.472012088995733,11.097258494377467
445,SEAT,Leon,16490,1.4 TSI 92kW (125CV) St&Sp FR,2016,63910,Gasolina,Manual,Hospitalet,9,0.25801908934439055,economy,9.71057005652877,11.065246769525514
446,Volkswagen,Golf,9990,Variant Advance 1.6 TDI 105cv BMT DSG,2013,158500,Diésel,Automatica,Badalona,12,0.06302839116719243,economy,9.209439966733019,11.973516181427835
447,Peugeot,2008,16990,Allure 1.2 PureTech 81KW (110CV) Auto,2019,32550,Gasolina,Automatica,Hospitalet,6,0.5219662058371736,economy,9.740439071085758,10.39056336913101
451,Audi,A5,32490,40 TDI  140kW quattro S tronic Sportback S-LINE,2019,61800,Diésel,Automatica,Sabadell 3,6,0.5257281553398059,luxury,10.38871840689063,11.031674824544641
452,Peugeot,3008,23490,2.0BLUEHDI 133KW (180CV) GT AUTO S&S,2018,130500,Diésel,Automatica,Sabadell 3,7,0.18,economy,10.064372648053764,11.779136168550774
453,SEAT,Leon,16710,1.5 TSI 110kW (150CV) DSG-7 S&S FR Ed Pl,2019,50500,Gasolina,Manual,Sabadell 1,6,0.3308910891089109,economy,9.723822464203382,10.829748417047592
454,Toyota,Rav4,31990,2.5. Hibryd 180 CV. Automatica,2020,21000,Híbrido,Automatica,Sabadell 1,5,1.5233333333333334,economy,10.373209892223665,9.952325334619427
455,Toyota,Rav4,19990,2.5l hybrid 2WD Advance,2017,133000,Híbrido,Automatica,Sabadell 1,8,0.15030075187969924,economy,9.903037451255743,11.798111925972616
456,Renault,Grand Scenic,18990,Zen Energy TCe 103kW (140CV) EDC,2018,46000,Gasolina,Manual,Badalona,7,0.41282608695652173,economy,9.851720461714244,10.736418414365374
461,Volkswagen,Scirocco,12990,1.4 TSI 122cv by R-Line,2013,113800,Gasolina,Manual,Mataró,12,0.11414762741652021,economy,9.472012088995733,11.64220658798198
462,Peugeot,Partner,14990,TEPEE Outdoor 1.6 BlueHDi 73KW (100CV),2017,87550,Diésel,Manual,Mataró,8,0.1712164477441462,economy,9.615205300012315,11.379976759693312
467,Renault,Grand Scenic,17490,Edition One Energy TCe 97kW (130CV),2017,47154,Gasolina,Manual,Viladecans,8,0.3709123298129533,economy,9.769441741907062,10.761195326977985
468,Renault,Talisman,14990,Limited Energy dCi 81kW (110CV),2018,41368,Diésel,Manual,Viladecans,7,0.3623573776832334,economy,9.615205300012315,10.630287087057916
470,Honda,CR-V,17990,1.6 i-DTEC 88kW (120CV) 4x2 Eleg Pl Nav,2016,63800,Diésel,Manual,Badalona,9,0.281974921630094,economy,9.79762691183662,11.063524143191236
472,Peugeot,308,9990,SW Active 1.6 BlueHDi 100 FAP,2015,116806,Diésel,Manual,Viladecans,10,0.08552642843689537,economy,9.209439966733019,11.668278279087291
474,BMW,Serie 3,20990,318dA Gran Turismo,2015,126000,Diésel,Automatica,Viladecans,10,0.1665873015873016,luxury,9.951849053414007,11.744045122410057
476,Honda,Civic,15490,1.0 I-VTEC TURBO COMFORT,2017,95694,Gasolina,Manual,Viladecans,8,0.1618701276987063,economy,9.648014489106362,11.468921329472174
477,Toyota,Yaris,10990,1.5 Hybrid Active,2016,97500,Híbrido,Automatica,Badalona,9,0.11271794871794871,economy,9.3048320350689,11.487617913343598
478,Porsche,Cayenne,38490,S Diesel,2017,162573,Diésel,Automatica,Esplugas,8,0.23675518074957097,performance,10.558179726714524,11.998888561711206
479,SEAT,Leon,28990,2.0 TSI 213kW (290CV) DSG-7 St&Sp Cupra,2020,9870,Gasolina,Automatica,Esplugas,5,2.937183383991895,economy,10.274740715974103,9.197356444417888
481,SEAT,Ibiza,13990,1.0 EcoTSI 85kW (115CV) FR,2018,82477,Gasolina,Manual,Esplugas,7,0.16962304642506396,economy,9.546169544733285,11.320286870094227
482,BMW,Serie 4,24490,430dA Gran Coupe,2017,178060,Diésel,Automatica,Hospitalet,8,0.1375379085701449,luxury,10.106060982105628,12.089881467196358
483,SEAT,Leon,12990,1.4 TSI 140cv St&Sp FR,2014,80500,Gasolina,Manual,Hospitalet,11,0.1613664596273292,economy,9.472012088995733,11.296024885689746
484,Renault,Scenic,23490,Zen Blue dCi 110 kW (150CV) EDC - SS,2020,13379,Diésel,Manual,Sabadell 3,5,1.7557366021376783,economy,10.064372648053764,9.501516333682218
485,Audi,A3,17490,2.0 TDI clean d 150CV S line edition,2016,113800,Diésel,Manual,Sabadell 3,9,0.15369068541300526,luxury,9.769441741907062,11.64220658798198
487,Renault,Clio,10990,Zen Energy TCe 66kW (90CV) -18,2018,55055,Gasolina,Manual,Sabadell 3,7,0.19961856325492688,economy,9.3048320350689,10.916106128037262
488,Ford,Focus,16990,1.0 Ecoboost 92kW ST-Line Auto,2019,62000,Gasolina,Automatica,Gavá,6,0.27403225806451614,economy,9.740439071085758,11.034905792929415
489,Ford,Fiesta,14990,1.0 EcoBoost 74kW Active S/S 5p,2019,21000,Gasolina,Manual,Gavá,6,0.7138095238095238,economy,9.615205300012315,9.952325334619427
490,Audi,A3,16490,design edition 1.6 TDI Sedan,2016,133000,Diésel,Manual,Gavá,9,0.12398496240601503,luxury,9.71057005652877,11.798111925972616
491,Ford,Kuga,15490,1.5 EcoBoost 110kW A-S-S 4x2 Trend+,2017,67517,Gasolina,Manual,Hospitalet,8,0.2294237006976021,economy,9.648014489106362,11.120149507978052
493,Volkswagen,Scirocco,14990,1.4 TSI 125CV R-Line BMT,2015,90083,Gasolina,Manual,Viladecans,10,0.166402095844943,economy,9.615205300012315,11.408497847361001
494,BMW,i3,20490,94ah,2018,90680,Eléctrico,Automatica,Viladecans,7,0.22595941773268638,luxury,9.927741044336832,11.41510313235069
495,BMW,Serie 4,25490,420d xDrive Automática Gran Coupe,2016,100192,Diésel,Automatica,Viladecans,9,0.2544115298626637,luxury,10.14608072767165,11.514853604913117
496,Toyota,C-HR,19990,1.8 125H Active,2018,49424,Híbrido,Automatica,Viladecans,7,0.40445937196503723,economy,9.903037451255743,10.808211648038817
497,Peugeot,208,9990,5P ACCESS 1.0L PureTech 68,2016,47658,Gasolina,Manual,Viladecans,9,0.20961853204079064,economy,9.209439966733019,10.77182676847709
499,Volkswagen,Scirocco,13990,2.0 TDI 177cv DSG,2013,125000,Diésel,Automatica,Granollers,12,0.11192,economy,9.546169544733285,11.736077016252437
501,Toyota,Auris,15490,1.8 140H Hybrid Active,2018,82800,Híbrido,Automatica,Granollers,7,0.18707729468599033,economy,9.648014489106362,11.324195417595107
503,SEAT,Altea,5990,1.6 TDI 105cv Style Ecomotive,2010,132699,Diésel,Manual,Gavá,15,0.045139752371909356,economy,8.698013622083925,11.795846220320298
504,Kia,Carens,9990,1.7 CRDi VGT 136CV Drive 5pl,2015,113299,Diésel,Manual,Gavá,10,0.08817377028923468,economy,9.209439966733019,11.637794447016097
506,SEAT,Leon,14990,ST 2.0 TDI 150cv 4Drive St&Sp X-perience,2015,122631,Diésel,Manual,Esplugas,10,0.12223662858494182,economy,9.615205300012315,11.716943279845943
507,Volkswagen,Tiguan,15990,T1 2.0 TDI 110CV BMT 4x2,2016,151500,Diésel,Manual,Granollers,9,0.10554455445544554,economy,9.679781342959442,11.928347504569842
508,Volkswagen,Multivan,34490,Premium Corto 2.0 TDI 110kW BMT DSG,2016,83000,Diésel,Automatica,Esplugas,9,0.4155421686746988,economy,10.448453699421849,11.326607934898927
510,Renault,Scenic,10490,Limited Energy Tce 115,2014,73196,Gasolina,Manual,Sabadell 1,11,0.14331384228646374,economy,9.258273025731485,11.200909715502995
511,Peugeot,2008,13470,Style 1.2L PureTech 81KW (110CV)S&S EAT6,2017,59283,Gasolina,Automatica,Sabadell 1,8,0.22721522190172563,economy,9.508294505698567,10.990094734076806
512,Audi,Q3,17180,1.4 TFSI 150cv S tronic Ambition,2014,130601,Gasolina,Automatica,Sabadell 1,11,0.131545700262632,luxury,9.751559401061966,11.779909809642891
513,BMW,Serie 3,19990,330d,2015,150000,Diésel,Automatica,Sabadell 1,10,0.13326666666666667,luxury,9.903037451255743,11.918397239722838
518,Peugeot,3008,20990,2.0BLUEHDI 110KW (150CV) GT LINE S&S,2017,64200,Diésel,Manual,Badalona,8,0.32694704049844237,economy,9.951849053414007,11.06977406588073
520,Peugeot,308,17990,GT Line PureTech 130 S&S EAT8,2019,68200,Gasolina,Automatica,Badalona,6,0.26378299120234605,economy,9.79762691183662,11.130214506480653
521,SEAT,Leon,19990,ST 2.0 TDI 110kW (150CV) DSG-6 St&Sp FR,2018,71520,Diésel,Automatica,Badalona,7,0.2795022371364653,economy,9.903037451255743,11.177746391852555
522,Renault,Captur,11990,Zen Energy TCe 90 eco2 Euro 6,2015,49100,Gasolina,Manual,Badalona,10,0.24419551934826883,economy,9.391911647379432,10.801634680173994
524,BMW,X2,30990,sDrive18d,2018,63166,Diésel,Automatica,Viladecans,7,0.4906120381217744,luxury,10.341452118734878,11.053537291867439
525,SEAT,Leon,24790,2.0 TSI 221kW (300CV) St&Sp CUPRA,2018,62147,Gasolina,Manual,Viladecans,7,0.39889294736672726,economy,10.118235963061956,11.037273916211891
527,Peugeot,3008,19990,1.5L BlueHDi 96kW (130CV) S&S GT Line,2018,114000,Diésel,Automatica,Sabadell 3,7,0.17535087719298245,economy,9.903037451255743,11.643962499267984
528,Peugeot,208,11490,5P STYLE S 1.6 BlueHDi 73KW (100CV),2017,78000,Diésel,Manual,Sabadell 3,8,0.1473076923076923,economy,9.349319399257633,11.264476926102367
529,Opel,Insignia,13490,GS 1.6 CDTi 81kW ecoTEC D Business,2017,110000,Diésel,Manual,Sabadell 3,8,0.12263636363636364,economy,9.509778075438817,11.608244735642321
530,SEAT,Ateca,19490,1.0 TSI 85kW (115CV) St&Sp Style Eco,2020,32000,Gasolina,Manual,Sabadell 3,5,0.6090625,economy,9.87770809954864,10.373522431293592
531,Volkswagen,Sharan,23990,Advance 2.0 TDI 150CV 4Motion BMT,2016,87000,Diésel,Manual,Sabadell 3,9,0.2757471264367816,economy,10.085434038999999,11.373674891823535
534,Lexus,IS,20490,2.5 300h Business,2018,91620,Híbrido,Automatica,Sabadell 3,7,0.22364112639161754,luxury,9.927741044336832,11.425415782028626
535,Peugeot,2008,19990,Allure Puretech 100 S&S BVM6,2020,23000,Gasolina,Manual,Sabadell 3,5,0.8691304347826087,economy,9.903037451255743,10.043292972227004
536,Ford,Focus,11990,1.0 Ecoboost Auto-St.-St. 92kW Business,2017,61901,Gasolina,Manual,Esplugas,8,0.19369638616500542,economy,9.391911647379432,11.03330776832843
538,Volkswagen,Golf,16990,Advance 2.0 TDI 150CV BMT,2016,21416,Diésel,Manual,Esplugas,9,0.7933320881583863,economy,9.740439071085758,9.97194027817057
542,Toyota,Land Cruiser,32990,2.8 D-4D VX,2016,52345,Diésel,Manual,Mataró,9,0.6302416658706658,economy,10.403990075979044,10.865630804592373
546,Toyota,Yaris,13490,1.5 Hybrid Active,2017,79648,Híbrido,Automatica,Mataró,8,0.1693702290076336,economy,9.509778075438817,11.28538476033157
547,Renault,Clio,8290,1.0  GASOLINA 90CV ,2013,102000,Gasolina,Manual,Sabadell 2,12,0.08127450980392156,economy,9.022925868116218,11.532737896139919
548,Hyundai,Tucson,16990,1.6 GDi Tecno 4x2,2018,53507,Gasolina,Manual,Viladecans,7,0.31752854766666044,economy,9.740439071085758,10.887586454415477
549,Kia,Rio,7990,1.2 CVVT 85cv Concept,2014,75830,Gasolina,Manual,Mataró,11,0.10536726889094027,economy,8.986071187374462,11.23626245900088
550,Volkswagen,Golf,23990,Life 1.5 TSI 96kW (130CV),2020,14722,Gasolina,Manual,Mataró,5,1.6295340307023503,economy,10.085434038999999,9.597166175865409
551,Kia,Sportage,21990,1.6 T-GDi 130kW (177CV) GT Line 4x4,2018,17228,Gasolina,Automatica,Mataró,7,1.276410494543766,economy,9.998388557730847,9.754349289532406
552,Kia,Ceed,12990,1.0 T-GDi 74 kW Concept Plus Eco-Dynam,2018,52127,Gasolina,Manual,Viladecans,7,0.2491990714984557,economy,9.472012088995733,10.86145751140177
553,BMW,Serie 1,13990,116d EfficientDynamics,2015,52407,Diésel,Manual,Granollers,10,0.26694907168889653,luxury,9.546169544733285,10.866814530411713
554,Porsche,Cayenne,22990,3.0 S Hybrid Tiptronic,2011,169227,Híbrido,Automatica,Gavá,14,0.1358530258173932,performance,10.042858113983936,12.039002197096758
555,Ford,Focus,10490,1.0 Ecoboost Auto-Start-Stop 100cv Trend,2014,93000,Gasolina,Manual,Mataró,11,0.11279569892473118,economy,9.258273025731485,11.440365524765754
556,Peugeot,2008,21790,Allure Pack BlueHDI 81kW (110CV),2021,2054,Diésel,Manual,Viladecans,4,10.60856864654333,economy,9.989252319496922,7.628031126930335
558,Renault,Megane,12490,Bose Energy dCi 96kW (130CV),2016,102782,Diésel,Manual,Viladecans,9,0.12151933217878617,economy,9.43276366396591,11.540375248678327
559,Ford,Fiesta,15490,1.0 EcoBoost 70kW (95CV) ST-Line S/S 5p,2019,6500,Gasolina,Manual,Gavá,6,2.383076923076923,economy,9.648014489106362,8.77971129020447
561,SEAT,Ibiza,8990,1.2 12v 70cv Reference ITech 30 Aniv,2015,28500,Gasolina,Manual,Sabadell 2,10,0.3154385964912281,economy,9.103979355984773,10.25769445336048
562,BMW,X3,30490,xDrive20d,2018,160816,Diésel,Automatica,Viladecans,7,0.18959556263058402,luxury,10.32518683708304,11.988022351531924
563,BMW,Serie 3,17990,318d,2016,91467,Diésel,Manual,Viladecans,9,0.19668295669476424,luxury,9.79762691183662,11.423744463318986
564,Kia,Ceed,13490,1.6 CRDi VGT 100kW (136CV) Drive,2018,72263,Diésel,Manual,Viladecans,7,0.18667921342872562,economy,9.509778075438817,11.18808135882968
565,Ford,Grand C-Max,15990,1.0 EcoBoost 92kW (125CV) Titanium,2019,59500,Gasolina,Manual,Sabadell 1,6,0.26873949579831935,economy,9.679781342959442,10.993748398115178
566,Peugeot,3008,11430,Style 1.6 BlueHDI 120 FAP,2016,94500,Diésel,Manual,Sabadell 1,9,0.12095238095238095,economy,9.344084242025778,11.456365695436427
567,Lexus,CT,17990,1.8 200h Business,2018,82167,Híbrido,Automatica,Sabadell 3,7,0.21894434505336693,luxury,9.79762691183662,11.31652121084564
568,Renault,Scenic,10520,Selection Energy Tce 115,2015,55000,Gasolina,Manual,Sabadell 1,10,0.19127272727272726,economy,9.261128538808288,10.915106645867501
569,Volkswagen,Polo,11990,Sport 1.2 TSI 90cv BMT by R-Line,2015,76490,Gasolina,Manual,Hospitalet,10,0.1567525166688456,economy,9.391911647379432,11.244928365834845
570,Opel,Corsa,10990,1.4 Color Edition 90 CV,2016,32200,Gasolina,Manual,Mataró,9,0.34130434782608693,economy,9.3048320350689,10.379752786950895
571,Renault,Clio,18990,RS Energy 147kW (200CV) EDC,2017,72000,Gasolina,Automatica,Sabadell 1,8,0.26375,economy,9.851720461714244,11.184435286790631
572,Kia,Sportage,15490,1.6 GDi 97kW (132CV) Emotion 4x2,2017,93232,Gasolina,Manual,Sabadell 1,8,0.16614467135747382,economy,9.648014489106362,11.442857015256344
575,Audi,A5,20970,Sportback 2.0 TDI clean 190CV quat S tro,2016,102000,Diésel,Automatica,Sabadell 1,9,0.20558823529411765,luxury,9.950895809931119,11.532737896139919
576,SEAT,Leon,18990,1.5 TSI 110kW (150CV) St&Sp FR,2019,51850,Gasolina,Manual,Sabadell 1,6,0.36624879459980714,economy,9.851720461714244,10.856129499874779
577,SEAT,Leon,21990,CUPRA 290 DSG,2017,93298,Gasolina,Automatica,Esplugas,8,0.23569637076893396,economy,9.998388557730847,11.443564668664383
578,BMW,Serie 1,14990,118d PACK-M,2015,116900,Diésel,Manual,Hospitalet,10,0.12822925577416594,luxury,9.615205300012315,11.669082701743504
579,Audi,Q3,22990,1.4 TFSI 150CV S tronic CoD,2016,101794,Gasolina,Automatica,Esplugas,9,0.22584828182407607,luxury,10.042858113983936,11.530716265978777
581,SEAT,Arona,13990,1.0 TSI 70kW (95CV) Style Ecomotive,2018,44979,Gasolina,Manual,Esplugas,7,0.311034038106672,economy,9.546169544733285,10.713973225513307
582,BMW,X4,23490,xDrive30d,2014,168900,Diésel,Automatica,Hospitalet,11,0.13907637655417407,luxury,10.064372648053764,12.037068023441478
583,Toyota,Verso,15990,1.6 130 Advance 5pl.,2018,71000,Gasolina,Manual,Hospitalet,7,0.2252112676056338,economy,9.679781342959442,11.170449240431308
584,Audi,A1,17990,Adrenalin 1.6 TDI 85kW (116CV) Sportback,2018,54900,Diésel,Manual,Hospitalet,7,0.3276867030965392,luxury,9.79762691183662,10.91328684226798
586,Ford,Fiesta,8490,1.25 Duratec 60cv Trend 5p,2015,51995,Gasolina,Manual,Hospitalet,10,0.16328493124338878,economy,9.046762057999363,10.858922071527909
588,SEAT,Altea,7490,1.6 TDI 105cv Reference E-Ecomotive,2012,169999,Diésel,Manual,Gavá,13,0.044059082700486474,economy,8.921457578947882,12.043553716032399
592,BMW,Serie 2 Active Tourer,18990,218d,2017,83000,Diésel,Manual,Granollers,8,0.22879518072289157,luxury,9.851720461714244,11.326607934898927
593,SEAT,Ibiza,11490,1.0 EcoTSI 70kW (95CV) Style,2018,94230,Gasolina,Manual,Granollers,7,0.12193568927093282,economy,9.349319399257633,11.45350449347602
596,Audi,A3,11990,Sportback 1.4 TFSI 125cv Ambition,2011,107802,Gasolina,Manual,Mataró,14,0.11122242630006865,luxury,9.391911647379432,11.588060766383348
597,Ford,Fiesta,9990,1.0 EcoBoost 100cv Trend 5p,2016,91321,Gasolina,Manual,Mataró,9,0.10939433427141622,economy,9.209439966733019,11.422147001411354
598,Kia,Soul EV,16490,Eléctrico (CHAdeMO),2016,54700,Eléctrico,Automatica,Badalona,9,0.30146252285191955,economy,9.71057005652877,10.909637269778615
599,Opel,Combo,8990,Cargo 1.3 CDTI L1 H1,2016,99769,Diésel,Manual,Mataró,9,0.09010814982609829,economy,9.103979355984773,11.510622815907553
601,Honda,CR-V,14990,2.2 i-DTEC Innova,2014,153286,Diésel,Manual,Hospitalet,11,0.09779105723940869,economy,9.615205300012315,11.940067260220388
604,SEAT,Ibiza,11990,1.6 TDI 70kW (95CV) Reference,2018,49276,Diésel,Manual,Sabadell 1,7,0.2433233216981898,economy,9.391911647379432,10.805212719730967
605,BMW,X4,24490,xDrive20d,2016,126119,Diésel,Automatica,Gavá,9,0.19418168555094792,luxury,10.106060982105628,11.744989113658997
608,Volkswagen,Golf,26990,GTI Clubsport 2.0 TSI BMT,2017,39400,Gasolina,Manual,Granollers,8,0.6850253807106599,economy,10.203258756085228,10.5815464756746
611,Renault,Clio,8490,Dynamique Energy TCe 90 S&S eco2,2014,97970,Gasolina,Manual,Viladecans,11,0.08665918138205574,economy,9.046762057999363,11.492426795492882
612,BMW,Serie 1,14990,116d,2018,97265,Diésel,Manual,Viladecans,7,0.1541150465223873,luxury,9.615205300012315,11.485204772369627
614,Kia,Ceed,17990,1.4 T-GDi 103kW GT Line DCT,2019,44230,Gasolina,Manual,Sabadell 3,6,0.40673750847840834,economy,9.79762691183662,10.697181179695644
618,Opel,Insignia,6990,1.8 16v Essentia,2011,134000,Gasolina,Manual,Sabadell 1,14,0.05216417910447761,economy,8.852378886511985,11.80560254159177
619,Hyundai,Tucson,15490,1.7CRDi 85kW (115CV) BD 25 Aniversa. 4x2,2016,125000,Diésel,Manual,Sabadell 1,9,0.12392,economy,9.648014489106362,11.736077016252437
620,Opel,Astra,17990,1.6 CDTi S/S 100kW (136CV) GSi Line,2019,22900,Diésel,Manual,Badalona,6,0.785589519650655,economy,9.79762691183662,10.038935856711177
621,Toyota,Auris,10990,1.8 140H Business,2015,146500,Híbrido,Automatica,Sabadell 2,10,0.07501706484641638,economy,9.3048320350689,11.89478753335453
623,BMW,X2,25990,sDrive18d,2018,99990,Diésel,Automatica,Esplugas,7,0.2599259925992599,luxury,10.165505603232393,11.512835460919986
625,SEAT,Ibiza,13490,1.0 EcoTSI 70kW (95CV) Style,2018,27392,Gasolina,Manual,Esplugas,7,0.49247955607476634,economy,9.509778075438817,10.21804278528445
626,Ford,Focus,17990,1.5 Ecoblue 88kW ST-Line Auto,2018,27000,Diésel,Automatica,Granollers,7,0.6662962962962963,economy,9.79762691183662,10.203629181337648
627,Toyota,Yaris,13490,1.5 Hybrid Active,2017,57950,Híbrido,Automatica,Hospitalet,8,0.23278688524590163,economy,9.509778075438817,10.967353104874402
629,Audi,A4,17850,2.0 TDI 110kW (150CV) S tronic,2017,132853,Diésel,Automatica,Sabadell 1,8,0.13435902839981032,luxury,9.789814808047552,11.79700605988034
630,BMW,Serie 4,22490,420d Gran Coupe,2015,100787,Diésel,Automatica,Sabadell 1,10,0.22314385783880858,luxury,10.020870508171171,11.520774579913628
633,Volkswagen,T-Roc,19590,Edition 1.0 TSI 85kW (115CV),2018,64181,Gasolina,Manual,Sabadell 1,7,0.3052305199358065,economy,9.882825556088031,11.069478076534185
634,Peugeot,308,16280,GTi 184KW (250CV),2016,112000,Gasolina,Manual,Sabadell 1,9,0.14535714285714285,economy,9.697754062731514,11.626263078808801
635,Renault,Megane,16990,Business TCe 85 kW (115CV) GPF,2020,17000,Gasolina,Manual,Granollers,5,0.9994117647058823,economy,9.740439071085758,9.741027444837728
637,BMW,Serie 1,15290,116d,2017,77800,Diésel,Manual,Badalona,8,0.19652956298200513,luxury,9.63501969900815,11.261909563554314
638,Porsche,Cayenne,20990,3.0 TD Tiptronic,2012,220000,Diésel,Automatica,Badalona,13,0.09540909090909092,performance,9.951849053414007,12.301387370778713
639,Volkswagen,Touareg,18990,3.0 V6 TDI 245 Tiptronic BlueMotion Tech,2012,155000,Diésel,Automatica,Badalona,13,0.12251612903225806,economy,9.851720461714244,11.951186847493474
641,Kia,Ceed,13790,1.6 CRDi VGT 100kW (136CV) Tech,2018,90760,Diésel,Manual,Viladecans,7,0.15193918025561923,economy,9.531771484474337,11.415984956902713
644,Renault,Scenic,10990,Intens dCi 110,2016,107410,Diésel,Manual,Sabadell 3,9,0.10231821990503677,economy,9.3048320350689,11.584417876668853
645,SEAT,Ibiza,9990,1.2 TSI 90cv Style,2016,99869,Gasolina,Manual,Mataró,9,0.10003104066326889,economy,9.209439966733019,11.51162461923718
646,Volkswagen,T-Roc,24990,Sport 2.0 TSI 140kW (190CV) 4 Motion DSG,2018,61220,Gasolina,Automatica,Gavá,7,0.4081999346618752,economy,10.126271039034782,11.022245546897196
649,Toyota,Yaris,11990,1.5 Hybrid Active,2018,98400,Híbrido,Automatica,Gavá,7,0.12184959349593497,economy,9.391911647379432,11.496806245590331
650,Opel,Grandland X,15990,1.5 CDTi Excellence,2018,39456,Diésel,Manual,Viladecans,7,0.4052615571776156,economy,9.679781342959442,10.582966750330653
652,Peugeot,308,13990,5p Allure 1.2 PureTech 81KW (110CV) S&S,2018,75515,Gasolina,Manual,Hospitalet,7,0.18526120638283786,economy,9.546169544733285,11.232099833314933
653,Hyundai,Tucson,15490,1.6 GDi BlueDrive Tecno 4x2,2017,83000,Gasolina,Manual,Viladecans,8,0.1866265060240964,economy,9.648014489106362,11.326607934898927
654,BMW,Serie 2,29990,218iA Gran Coupe,2020,25807,Gasolina,Automatica,Esplugas,5,1.1620878056341302,luxury,10.30865261563529,10.15843980036499
655,Kia,Ceed,14990,1.0 T-GDi 88kW (120CV) Drive,2019,32000,Gasolina,Manual,Granollers,6,0.4684375,economy,9.615205300012315,10.373522431293592
656,SEAT,Ibiza,10290,1.0 EcoTSI 70kW Style Connect,2017,52000,Gasolina,Manual,Badalona,8,0.19788461538461538,economy,9.23902500583609,10.859018228147885
658,Audi,A1,15990,Sportback 1.4 TFSI Adrenalin SLine,2017,53000,Gasolina,Manual,Badalona,8,0.3016981132075472,luxury,9.679781342959442,10.87806606028079
660,Ford,Kuga,18490,1.5 EcoBoost 88kW 4x2 Trend,2019,25396,Gasolina,Manual,Esplugas,6,0.7280674121908962,economy,9.825039406206987,10.142386335794844
661,Audi,Q2,21990,sport ed 2.0 TDI 140kW quattro S tronic,2017,106455,Diésel,Automatica,Esplugas,8,0.20656615471325912,luxury,9.998388557730847,11.575487033223578
662,SEAT,Leon,7990,1.6 TDI 105cv Style,2013,144000,Diésel,Manual,Badalona,12,0.05548611111111111,economy,8.986071187374462,11.87757552297847
663,BMW,X1,18490,xDrive18d,2016,122916,Diésel,Manual,Viladecans,9,0.15042793452439063,luxury,9.825039406206987,11.719264609828786
664,Kia,Stonic,13490,1.0 T-GDi 88kW (120CV) Drive Eco-Dynam,2018,91388,Gasolina,Manual,Viladecans,7,0.14761237799273427,economy,9.509778075438817,11.422880400090175
665,Volkswagen,Passat,14990,Sport 2.0 TDI 150CV BMT DSG,2015,111240,Diésel,Automatica,Viladecans,10,0.1347536857245595,economy,9.615205300012315,11.61945429787959
666,SEAT,Arona,16990,1.0 TSI 85kW (115CV) FR Ecomotive,2018,19754,Gasolina,Manual,Mataró,7,0.8600789713475752,economy,9.740439071085758,9.891161902845491
667,Audi,A3,24990,Sportback Design 35 TFSI 110kW S tronic,2019,30450,Gasolina,Automatica,Hospitalet,6,0.8206896551724138,luxury,10.126271039034782,10.323874113321294
668,Kia,Picanto,10990,1.0 CVVT 49kW (67CV) Concept,2020,14000,Gasolina,Manual,Badalona,5,0.785,economy,9.3048320350689,9.546884034617925
669,Audi,A1,12990,Sportback 1.0 TFSI 95CV Adrenalin,2015,95100,Gasolina,Manual,Hospitalet,10,0.1365930599369085,luxury,9.472012088995733,11.462694763725304
670,BMW,Serie 4,22990,420d Gran Coupe,2016,104000,Diésel,Automatica,Badalona,9,0.22105769230769232,luxury,10.042858113983936,11.552155793461898
671,Renault,Megane,6990,Dynamique EDC dCi 110,2012,131783,Diésel,Manual,Mataró,13,0.0530417428651647,economy,8.852378886511985,11.788919497626818
672,Ford,Kuga,9990,2.0 TDCi 140 4x2 Titanium,2012,110155,Diésel,Manual,Mataró,13,0.0906903908129454,economy,9.209439966733019,11.609652821922658
673,SEAT,Leon,10990,1.6 TDI 105cv St&Sp Style,2014,138000,Diésel,Manual,Granollers,11,0.07963768115942028,economy,9.3048320350689,11.835016210489899
674,Toyota,Yaris,13990,1.5 Hybrid Active,2018,65000,Híbrido,Automatica,Viladecans,7,0.21523076923076923,economy,9.546169544733285,11.082157933374816
675,Renault,Kadjar,16990,Zen Energy dCi 81kW (110CV),2018,45000,Diésel,Manual,Granollers,7,0.37755555555555553,economy,9.740439071085758,10.714439990727769
676,Volkswagen,Touran,24990,Advance 1.5 TSI 110kW (150CV) DSG,2019,52444,Gasolina,Automatica,Esplugas,6,0.4765082754938601,economy,10.126271039034782,10.867520280395704
680,BMW,Serie 1,25990,118d,2021,28237,Diésel,Automatica,Viladecans,4,0.9204235577433864,luxury,10.165505603232393,10.24842386756947
681,Toyota,Rav4,16490,2.0 150 AWD Executive,2015,131023,Gasolina,Manual,Esplugas,10,0.12585576578158034,economy,9.71057005652877,11.783135791509968
682,BMW,Serie 1,9990,118d,2013,181200,Diésel,Manual,Sabadell 3,12,0.05513245033112583,luxury,9.209439966733019,12.107362191339584
683,BMW,Serie 1,26840,118d Pack M,2021,24000,Diésel,Automatica,Sabadell 1,4,1.1183333333333334,luxury,10.197685848215706,10.085850775128717
684,Volkswagen,Golf,17990,Business 1.5 TSI EVO 96kW (130CV),2019,26951,Gasolina,Automatica,Sabadell 2,6,0.6675076991577307,economy,9.79762691183662,10.20181278508639
686,Renault,Talisman,17990,S.T. SL ICON Energy dCi 96 kW (130CV),2018,56000,Diésel,Automatica,Hospitalet,7,0.32125,economy,9.79762691183662,10.933124826700706
687,Peugeot,208,17990,PureTech 73kW (100CV) GT Line,2020,22577,Gasolina,Manual,Gavá,5,0.7968286309075608,economy,9.79762691183662,10.024731259821491
688,Audi,A8,31490,L 4.0 TFSI 435CV quattro tiptronic,2015,146000,Gasolina,Automatica,Granollers,10,0.2156849315068493,luxury,10.357457069703907,11.891368749982085
689,Kia,Ceed,16290,1.0 MHEV 88kW (120CV) Tech DCT,2021,13590,Gasolina,Manual,Sabadell 2,4,1.1986754966887416,economy,9.69836808706617,9.517163087955346
690,Volkswagen,Tiguan,14990,2.0 TDI 177cv DSG 4x4 Sport BMotion Tech,2014,162895,Diésel,Automatica,Mataró,11,0.09202246846127873,economy,9.615205300012315,12.000867239346977
691,Hyundai,Tucson,16690,1.6 GDi BlueDrive Link 4x2,2018,68750,Gasolina,Manual,Sabadell 1,7,0.24276363636363638,economy,9.722624930978418,11.13824656087758
694,Audi,A3,7780,Sportback 1.6 TDI 105 S tronic Ambition,2011,147000,Diésel,Manual,Sabadell 1,14,0.05292517006802721,luxury,8.95944014361693,11.898194668458823
695,Ford,Fiesta,13990,1.0 EcoBoost 70kW (95CV) Active S/S 5p,2020,40700,Gasolina,Manual,Granollers,5,0.34373464373464374,economy,9.546169544733285,10.614007941153417
696,BMW,Serie 2 Gran Tourer,17490,218d,2017,97570,Diésel,Manual,Granollers,8,0.17925591882750846,luxury,9.769441741907062,11.488335597101436
697,Peugeot,308,14990,5p Tech Edition 1.2 PureTech 96KW,2019,27500,Gasolina,Manual,Hospitalet,6,0.5450909090909091,economy,9.615205300012315,10.221977646629885
701,BMW,X3,13990,xDrive20d,2011,155044,Diésel,Automatica,Esplugas,14,0.09023245014318516,luxury,9.546169544733285,11.951470676346583
702,Audi,A3,13990,1.6 TDI clean diesel 110CV Attracted,2016,134535,Diésel,Manual,Granollers,9,0.10398780986360427,luxury,9.546169544733285,11.809587100202586
703,SEAT,Leon,22790,2.0 TSI 221kW (300CV) DSG-6 St&Sp CUPRA,2018,82490,Gasolina,Automatica,Sabadell 2,7,0.27627591223178566,economy,10.03412100017133,11.320444475462835
704,Toyota,Auris,14990,1.8 140H Hybrid Advance,2018,60000,Híbrido,Automatica,Badalona,7,0.24983333333333332,economy,9.615205300012315,11.002116507732017
705,Ford,Fiesta,7490,1.5 TDCi 75cv Trend 5p,2015,146388,Diésel,Manual,Viladecans,10,0.05116539607071618,economy,8.921457578947882,11.89402274107443
706,SEAT,Ibiza,12950,1.0 EcoTSI 85kW (115CV) FR,2018,55548,Gasolina,Manual,Sabadell 1,7,0.23313170591200402,economy,9.468928284223587,10.925020793105562
708,Ford,Fiesta,4990,1.25 60cv Urban,2011,116300,Gasolina,Manual,Granollers,14,0.04290627687016337,economy,8.515391569469609,11.663936936922067
709,BMW,Serie 3,9990,330xi,2007,145500,Gasolina,Automatica,Granollers,18,0.06865979381443299,luxury,9.209439966733019,11.887938238422299
710,Opel,Mokka X,12990,1.4 T 103kW (140CV) 4X2 S&S Excellence,2017,87000,Gasolina,Manual,Viladecans,8,0.1493103448275862,economy,9.472012088995733,11.373674891823535
711,Peugeot,5008,7490,Sport Pack 1.6 HDI 112 FAP,2010,107108,Diésel,Manual,Viladecans,15,0.06992941703700938,economy,8.921457578947882,11.58160228651866
715,Hyundai,Tucson,14990,1.7 CRDi BlueDrive Tecno Sky Safe 4x2,2015,113000,Diésel,Manual,Badalona,10,0.13265486725663717,economy,9.615205300012315,11.635151947212842
716,Toyota,Yaris,13990,1.5 Hybrid Feel,2018,61218,Híbrido,Automatica,Mataró,7,0.2285275572544023,economy,9.546169544733285,11.022212877834795
718,Renault,Grand Scenic,9990,SELECTION Energy dCi 110 eco2 7p Euro 6,2015,152710,Diésel,Manual,Sabadell 1,10,0.06541811276275293,economy,9.209439966733019,11.936302525285422
719,Opel,Insignia,6760,2.0 CDTI Start & Stop 130 CV Selective,2012,191326,Diésel,Manual,Sabadell 1,13,0.03533236465509131,economy,8.818926087090677,12.161739285040445
720,Audi,A3,12490,Sportback 1.6 TDI Ambiente Ed. especial,2013,134347,Diésel,Manual,Sabadell 1,12,0.09296820918963579,luxury,9.43276366396591,11.808188727442323
724,Volkswagen,Polo,7990,Advance 1.0 75CV BMT,2015,129700,Gasolina,Manual,Viladecans,10,0.06160370084811102,economy,8.986071187374462,11.772987080375044
725,Volkswagen,Polo,8990,Advance 1.2 TSI 90CV BMT,2016,145700,Gasolina,Manual,Hospitalet,9,0.06170212765957447,economy,9.103979355984773,11.889311855577725
727,Hyundai,Tucson,19490,1.7 CRDi 104kW BD Tecno Sky Safe DCT 4x2,2017,67000,Diésel,Automatica,Mataró,8,0.2908955223880597,economy,9.87770809954864,11.112462823634855
728,Volkswagen,Golf,14490,Edition 1.0 TSI 81kW (110CV),2017,61071,Gasolina,Manual,Viladecans,8,0.23726482291103798,economy,9.581283046045924,11.01980877498501
729,Toyota,Prius,15990,1.8 Prius hibrido,2017,84735,Híbrido,Automatica,Viladecans,8,0.18870596565763853,economy,9.679781342959442,11.347295819856624
730,Hyundai,i30,23960,2.0 TGDI N Performance,2018,68264,Gasolina,Manual,Sabadell 1,7,0.3509902730575413,economy,10.084182787585497,11.131152469118852
731,Ford,Focus,17890,1.0 Ecoboost 92kW ST-Line SportBr,2019,21287,Gasolina,Manual,Sabadell 1,6,0.8404190350918401,economy,9.792053072089823,9.965898812657525
732,BMW,Serie 1,16540,118d xDrive pack M,2017,75600,Diésel,Automatica,Sabadell 1,8,0.21878306878306877,luxury,9.71359742624222,11.233224789593368
734,Hyundai,i20,11880,1.0 TGDI 74kW (100CV) Tecno LE,2018,37044,Gasolina,Manual,Sabadell 1,7,0.3206997084548105,economy,9.382695764458287,10.519888668850758
735,Audi,A3,15490,Sedan 1.6 TDI clean 110CV Attraction,2016,132252,Diésel,Manual,Granollers,9,0.11712488279950398,luxury,9.648014489106362,11.79247203377328
736,Renault,Clio,10520,Dynamique Energy TCe 90 eco2 Euro 6,2015,75000,Gasolina,Manual,Sabadell 1,10,0.14026666666666668,economy,9.261128538808288,11.225256725762893
737,Kia,Sportage,17280,1.6 CRDi 85kW (115CV) Drive 4x2,2019,70265,Diésel,Manual,Sabadell 1,6,0.24592613676794992,economy,9.757362911053992,11.160043319270192
738,Ford,Focus,6990,1.6 TDCi 115cv Trend,2014,127916,Diésel,Manual,Sabadell 1,11,0.05464523593608305,economy,8.852378886511985,11.759136895075232
740,BMW,Serie 1,13490,116d EfficientDynamics,2016,124120,Diésel,Manual,Mataró,9,0.10868514340960361,luxury,9.509778075438817,11.729012175249165
741,Audi,A3,11990,2.0 TDI 150cv Attraction,2012,125000,Diésel,Manual,Granollers,13,0.09592,luxury,9.391911647379432,11.736077016252437
742,SEAT,Ateca,24980,2.0 TDI 110kW (150CV) S&S Style,2021,4600,Diésel,Manual,Badalona,4,5.430434782608696,economy,10.125870814903928,8.434028950155469
743,BMW,X1,13940,xDrive18d,2015,130017,Diésel,Manual,Sabadell 1,10,0.10721674857903198,luxury,9.542589417753089,11.775428181391266
745,Ford,Focus,15490,1.0 Ecoboost 92kW ST-Line,2019,19200,Gasolina,Manual,Viladecans,6,0.8067708333333333,economy,9.648014489106362,9.862717639992916
749,SEAT,Ibiza,15490,SC 1.8 TSI 192cv Cupra,2016,80600,Gasolina,Manual,Mataró,9,0.19218362282878412,economy,9.648014489106362,11.297266335365645
750,SEAT,Leon,11990,ST 1.6 TDI 110cv St&Sp Style Con Bl Plus,2016,147676,Diésel,Manual,Viladecans,9,0.08119125653457569,economy,9.391911647379432,11.902782735337492
751,SEAT,Leon,10990,SC 1.4 TSI 122cv St&Sp FR,2014,139500,Gasolina,Manual,Viladecans,11,0.07878136200716845,economy,9.3048320350689,11.845827048676645
752,Peugeot,4007,9990,Sport Pack 7 Plazas 2.2 HDI 156 FAP,2012,104793,Diésel,Manual,Viladecans,13,0.09533079499584896,economy,9.209439966733019,11.559751797321729
755,SEAT,Ibiza,12490,SC 1.8 TSI 192cv Cupra,2016,146891,Gasolina,Manual,Granollers,9,0.08502903513489594,economy,9.43276366396591,11.897452901863513
757,Hyundai,Tucson,15990,1.6 GDi BlueDrive Tecno 4x2,2015,57000,Gasolina,Manual,Granollers,10,0.2805263157894737,economy,9.679781342959442,10.950824090522444
758,Audi,A3,10990,Sportback 1.6 TDI 105cv Ambition,2013,118988,Diésel,Manual,Sabadell 1,12,0.09236225501731267,luxury,9.3048320350689,11.686786330846315
759,Volkswagen,Polo,7990,1.6 TDI 90cv Advance,2013,133303,Diésel,Manual,Viladecans,12,0.05993863603969903,economy,8.986071187374462,11.800387513218459
763,Ford,Focus,17990,1.0 Ecoboost 92kW ST-Line,2019,64600,Gasolina,Manual,Granollers,6,0.2784829721362229,economy,9.79762691183662,11.075985169527042
765,Audi,A1,10890,1.6 TDI 90cv Ambition,2014,130800,Diésel,Manual,Sabadell 2,11,0.08325688073394495,luxury,9.295692039075686,11.781432363235949
767,SEAT,Leon,11990,1.2 TSI 81kW (110CV) St&Sp Reference,2017,93000,Gasolina,Manual,Granollers,8,0.1289247311827957,economy,9.391911647379432,11.440365524765754
768,Peugeot,308,16990,5p GT Line 1.2 PureTech 96KW (130CV),2019,73266,Gasolina,Manual,Hospitalet,6,0.23189473971555702,economy,9.740439071085758,11.201865581863736
770,Ford,Kuga,13490,2.0 TDCi 163 4x4 Titanium Powershift,2014,147669,Diésel,Automatica,Hospitalet,11,0.09135295830539923,economy,9.509778075438817,11.902735333467819
771,BMW,Serie 4,32990,420d Automática,2017,50300,Diésel,Automatica,Granollers,8,0.6558648111332008,luxury,10.403990075979044,10.825780236605917
773,Ford,Kuga,14990,1.5 EcoBoost 110kW A-S-S 4x2 Trend,2017,46350,Gasolina,Manual,Granollers,8,0.32340884573894285,economy,9.615205300012315,10.743998145734295
774,Volkswagen,Golf,15490,VI 2.0 TSI 210cv DSG 6 vel GTI,2010,146000,Gasolina,Automatica,Mataró,15,0.1060958904109589,economy,9.648014489106362,11.891368749982085
775,Peugeot,207,5490,Sport 1.6 VTi 16v 120,2007,87450,Gasolina,Manual,Sabadell 2,18,0.06277873070325901,economy,8.610865667278873,11.378833915487142
778,Volkswagen,Golf,8860,VI 2.0 TDI 110cv DPF DSG Sport,2009,143843,Diésel,Automatica,Sabadell 1,16,0.061594933364849176,economy,9.089414904047302,11.8764846579951
780,Volkswagen,Golf,6990,1.4 TSI 170cv GT Sport,2008,211296,Gasolina,Manual,Viladecans,17,0.033081553839164016,economy,8.852378886511985,12.261020005680358
781,Renault,Captur,13990,Zen TCe 66kW (90CV) -18,2018,52590,Gasolina,Manual,Gavá,7,0.2660201559231793,economy,9.546169544733285,10.870300281424473
784,SEAT,Ibiza,13990,1.0 EcoTSI 85kW (115CV) Style,2018,60257,Gasolina,Manual,Gavá,7,0.2321721957614883,economy,9.546169544733285,11.006390622621394
785,Hyundai,Tucson,15990,1.7 CRDi BlueDrive Tecno 4x2,2015,159416,Diésel,Manual,Gavá,10,0.10030360816981984,economy,9.679781342959442,11.979278689588815
786,Ford,Focus,15990,1.0 Ecoboost 92kW Titanium,2018,21404,Gasolina,Manual,Gavá,7,0.7470566249299196,economy,9.679781342959442,9.971379818579047
787,Volkswagen,Golf,13990,Edition 1.6 TDI 110CV BMT,2016,84040,Diésel,Manual,Gavá,9,0.1664683484055212,economy,9.546169544733285,11.339060053983811
788,Kia,Sportage,24990,1.6 GDi 97kW (132CV) Basic 4x2,2018,65872,Gasolina,Manual,Viladecans,7,0.3793721156181686,economy,10.126271039034782,11.095483924851463
790,Volkswagen,Tiguan,14990,2.0 TDI 177cv DSG 4x4 Sport BMotion Tech,2014,162895,Diésel,Automatica,Mataró,11,0.09202246846127873,economy,9.615205300012315,12.000867239346977
